Nome da campanha,Nome do conjunto de anúncios,Dia,Idade,Status de veiculação,Nível de veiculação,Nome da campanha,Tipo de resultado,Resultados,Alcance,Impressões,Valor gasto (BRL),Custo por resultado,Frequência,Cliques no link únicos,Cliques (todos),CTR único (taxa de cliques no link),CTR (taxa de cliques no link),Instalações do aplicativo,Custo por instalação de aplicativo,Ativações de aplicativos,Ativações do aplicativo únicas,Custo por ativação de aplicativo,Custo por ativação do aplicativo única,Início dos relatórios,Término dos relatórios
Traffic||Branding geral||Dezembro,QD_Natal||All_cities||traffic,2021-12-29,18-24,active,adset,Traffic||Branding geral||Dezembro,Cliques no link,2,818,892,3.43,1.71,1.090464548,2,2,0.244498778,0.224215247,,,140,86,,0.03985672,2021-12-29,2021-12-29
Traffic||Branding geral||Dezembro,QD_Natal||All_cities||traffic,2021-12-29,45-54,active,adset,Traffic||Branding geral||Dezembro,Cliques no link,1,40,43,0.16,0.16,1.075,1,1,2.5,2.325581395,,,1,1,,0.16322275,2021-12-29,2021-12-29
Traffic||Branding geral||Dezembro,QD_confra||All_cities||traffic,2021-12-29,45-54,active,adset,Traffic||Branding geral||Dezembro,,,14,17,0.12,,1.214285714,,0,0,,,,,,,,2021-12-29,2021-12-29
Traffic||Branding geral||Dezembro,QD_confra||All_cities||traffic,2021-12-29,25-34,active,adset,Traffic||Branding geral||Dezembro,Cliques no link,2,385,526,1.82,0.91,1.366233766,2,2,0.519480519,0.380228137,,,38,18,,0.10110842,2021-12-29,2021-12-29
Traffic||Branding geral||Dezembro,QD_confra||All_cities||traffic,2021-12-29,35-44,active,adset,Traffic||Branding geral||Dezembro,,,206,275,1.51,,1.334951456,,1,0,,,,16,6,,0.25218321,2021-12-29,2021-12-29
Traffic||Branding geral||Dezembro,QD_confra||All_cities||traffic,2021-12-29,18-24,active,adset,Traffic||Branding geral||Dezembro,Cliques no link,1,262,333,0.92,0.92,1.270992366,1,1,0.381679389,0.3003003,,,28,13,,0.07081207,2021-12-29,2021-12-29
Traffic||Branding geral||Dezembro,QD_Natal||All_cities||traffic,2021-12-29,25-34,active,adset,Traffic||Branding geral||Dezembro,Cliques no link,2,1112,1196,4.89,2.44,1.075539568,2,2,0.179856115,0.16722408,,,121,93,,0.05253549,2021-12-29,2021-12-29
Traffic||Branding geral||Dezembro,QD_Natal||All_cities||traffic,2021-12-29,35-44,active,adset,Traffic||Branding geral||Dezembro,Cliques no link,1,572,620,3.00,3.00,1.083916084,1,1,0.174825175,0.161290323,,,66,45,,0.06673997,2021-12-29,2021-12-29
Traffic||Branding geral||Dezembro,QD_Natal||All_cities||traffic,2021-12-28,45-54,active,adset,Traffic||Branding geral||Dezembro,Cliques no link,3,296,455,2.42,0.81,1.537162162,3,3,1.013513514,0.659340659,,,92,36,,0.06722222,2021-12-28,2021-12-28
Traffic||Branding geral||Dezembro,QD_confra||All_cities||traffic,2021-12-28,18-24,active,adset,Traffic||Branding geral||Dezembro,Cliques no link,20,2108,3796,10.56,0.53,1.800759013,19,24,0.901328273,0.52687039,,,561,236,,0.04474576,2021-12-28,2021-12-28
Traffic||Branding geral||Dezembro,QD_confra||All_cities||traffic,2021-12-28,45-54,active,adset,Traffic||Branding geral||Dezembro,Cliques no link,2,86,154,0.58,0.29,1.790697674,2,2,2.325581395,1.298701299,,,20,8,,0.0725,2021-12-28,2021-12-28
Traffic||Branding geral||Dezembro,QD_confra||All_cities||traffic,2021-12-28,25-34,active,adset,Traffic||Branding geral||Dezembro,Cliques no link,45,3504,6208,20.59,0.46,1.771689498,42,54,1.198630137,0.724871134,,,849,356,,0.05783708,2021-12-28,2021-12-28
Traffic||Branding geral||Dezembro,QD_Natal||All_cities||traffic,2021-12-28,18-24,active,adset,Traffic||Branding geral||Dezembro,Cliques no link,34,10192,13703,37.04,1.09,1.344485871,34,46,0.333594976,0.248120849,,,3495,1476,,0.02509485,2021-12-28,2021-12-28
Traffic||Branding geral||Dezembro,QD_confra||All_cities||traffic,2021-12-28,35-44,active,adset,Traffic||Branding geral||Dezembro,Cliques no link,19,1844,3225,12.94,0.68,1.748915401,18,20,0.976138829,0.589147287,,,537,202,,0.06405941,2021-12-28,2021-12-28
Traffic||Branding geral||Dezembro,QD_Natal||All_cities||traffic,2021-12-28,25-34,active,adset,Traffic||Branding geral||Dezembro,Cliques no link,45,15576,19998,57.20,1.27,1.283898305,42,66,0.269645609,0.225022502,,,5332,2288,,0.025,2021-12-28,2021-12-28
Traffic||Branding geral||Dezembro,QD_Natal||All_cities||traffic,2021-12-28,35-44,active,adset,Traffic||Branding geral||Dezembro,Cliques no link,29,7168,9351,34.83,1.20,1.304547991,29,36,0.404575893,0.310127259,,,2515,1004,,0.03469124,2021-12-28,2021-12-28
Traffic||Branding geral||Dezembro,QD_Natal||All_cities||traffic,2021-12-27,25-34,active,adset,Traffic||Branding geral||Dezembro,Cliques no link,71,18168,23333,58.15,0.82,1.284291061,67,99,0.368780273,0.304290061,,,7374,2824,,0.02059136,2021-12-27,2021-12-27
Traffic||Branding geral||Dezembro,QD_confra||All_cities||traffic,2021-12-27,25-34,active,adset,Traffic||Branding geral||Dezembro,Cliques no link,45,3768,6892,20.95,0.47,1.829087049,45,51,1.194267516,0.652930934,,,1053,449,,0.04665924,2021-12-27,2021-12-27
Traffic||Branding geral||Dezembro,QD_Natal||All_cities||traffic,2021-12-27,18-24,active,adset,Traffic||Branding geral||Dezembro,Cliques no link,55,11312,15075,32.18,0.59,1.332655587,51,83,0.450848656,0.364842454,,,5184,1916,,0.01679541,2021-12-27,2021-12-27
Traffic||Branding geral||Dezembro,QD_Natal||All_cities||traffic,2021-12-27,45-54,active,adset,Traffic||Branding geral||Dezembro,Cliques no link,4,416,601,2.44,0.61,1.444711538,4,6,0.961538462,0.665557404,,,147,64,,0.038125,2021-12-27,2021-12-27
Traffic||Branding geral||Dezembro,QD_Natal||All_cities||traffic,2021-12-27,Unknown,active,adset,Traffic||Branding geral||Dezembro,,,0,0,0.00,,0,,0,0,,,,,,,,2021-12-27,2021-12-27
Traffic||Branding geral||Dezembro,QD_confra||All_cities||traffic,2021-12-27,45-54,active,adset,Traffic||Branding geral||Dezembro,,,108,203,0.68,,1.87962963,,0,0,,,,20,8,,0.085,2021-12-27,2021-12-27
Traffic||Branding geral||Dezembro,QD_confra||All_cities||traffic,2021-12-27,18-24,active,adset,Traffic||Branding geral||Dezembro,Cliques no link,29,2282,4014,10.62,0.37,1.758983348,28,31,1.226993865,0.72247135,,,762,312,,0.03403846,2021-12-27,2021-12-27
Traffic||Branding geral||Dezembro,QD_confra||All_cities||traffic,2021-12-27,35-44,active,adset,Traffic||Branding geral||Dezembro,Cliques no link,27,2016,3627,12.73,0.47,1.799107143,26,31,1.28968254,0.744416873,,,506,208,,0.06120192,2021-12-27,2021-12-27
Traffic||Branding geral||Dezembro,QD_Natal||All_cities||traffic,2021-12-27,35-44,active,adset,Traffic||Branding geral||Dezembro,Cliques no link,49,8968,11550,37.98,0.78,1.287912578,45,57,0.501784121,0.424242424,,,2850,1056,,0.03596591,2021-12-27,2021-12-27
Traffic||Branding geral||Dezembro,QD_Natal||All_cities||traffic,2021-12-26,25-34,active,adset,Traffic||Branding geral||Dezembro,Cliques no link,82,20096,26510,64.55,0.79,1.319167994,76,113,0.378184713,0.309317239,,,14848,4648,,0.01388769,2021-12-26,2021-12-26
Traffic||Branding geral||Dezembro,QD_Natal||All_cities||traffic,2021-12-26,18-24,active,adset,Traffic||Branding geral||Dezembro,Cliques no link,54,12960,16847,35.38,0.66,1.29992284,50,76,0.385802469,0.320531845,,,9683,3096,,0.01142765,2021-12-26,2021-12-26
Traffic||Branding geral||Dezembro,QD_Natal||All_cities||traffic,2021-12-26,35-44,active,adset,Traffic||Branding geral||Dezembro,Cliques no link,64,9472,12574,39.78,0.62,1.327491554,61,84,0.644003378,0.508986798,,,5814,1808,,0.02200221,2021-12-26,2021-12-26
Traffic||Branding geral||Dezembro,QD_Natal||All_cities||traffic,2021-12-26,45-54,active,adset,Traffic||Branding geral||Dezembro,Cliques no link,2,440,604,2.32,1.16,1.372727273,2,2,0.454545455,0.331125828,,,209,40,,0.058,2021-12-26,2021-12-26
Traffic||Branding geral||Dezembro,QD_confra||All_cities||traffic,2021-12-26,25-34,active,adset,Traffic||Branding geral||Dezembro,Cliques no link,37,4152,7369,22.01,0.59,1.774807322,36,43,0.867052023,0.502103406,,,2441,750,,0.02934667,2021-12-26,2021-12-26
Traffic||Branding geral||Dezembro,QD_confra||All_cities||traffic,2021-12-26,35-44,active,adset,Traffic||Branding geral||Dezembro,Cliques no link,27,2244,3784,13.15,0.49,1.68627451,26,30,1.158645276,0.713530655,,,1073,345,,0.03811594,2021-12-26,2021-12-26
Traffic||Branding geral||Dezembro,QD_confra||All_cities||traffic,2021-12-26,18-24,active,adset,Traffic||Branding geral||Dezembro,Cliques no link,27,2546,4281,12.20,0.45,1.681461115,26,31,1.021209741,0.630693763,,,1318,445,,0.02741573,2021-12-26,2021-12-26
Traffic||Branding geral||Dezembro,QD_confra||All_cities||traffic,2021-12-26,45-54,active,adset,Traffic||Branding geral||Dezembro,Cliques no link,5,106,205,0.69,0.14,1.933962264,5,5,4.716981132,2.43902439,,,25,12,,0.0575,2021-12-26,2021-12-26
Traffic||Branding geral||Dezembro,QD_Natal||All_cities||traffic,2021-12-25,18-24,active,adset,Traffic||Branding geral||Dezembro,Cliques no link,35,13834,18886,41.38,1.18,1.36518722,35,49,0.252999855,0.185322461,,,9362,2652,,0.01560441,2021-12-25,2021-12-25
Traffic||Branding geral||Dezembro,QD_Natal||All_cities||traffic,2021-12-25,45-54,active,adset,Traffic||Branding geral||Dezembro,Cliques no link,3,392,560,1.73,0.58,1.428571429,3,3,0.765306122,0.535714286,,,177,80,,0.02162651,2021-12-25,2021-12-25
Traffic||Branding geral||Dezembro,QD_Natal||All_cities||traffic,2021-12-25,35-44,active,adset,Traffic||Branding geral||Dezembro,Cliques no link,34,8305,11184,35.38,1.04,1.346658639,33,47,0.397350993,0.304005722,,,4310,1408,,0.02512959,2021-12-25,2021-12-25
Traffic||Branding geral||Dezembro,QD_Natal||All_cities||traffic,2021-12-25,25-34,active,adset,Traffic||Branding geral||Dezembro,Cliques no link,85,19860,26012,65.07,0.77,1.309768379,79,119,0.397784491,0.326772259,,,12182,3572,,0.01821795,2021-12-25,2021-12-25
Traffic||Branding geral||Dezembro,QD_confra||All_cities||traffic,2021-12-25,35-44,active,adset,Traffic||Branding geral||Dezembro,Cliques no link,26,1872,3146,12.36,0.48,1.680555556,24,27,1.282051282,0.826446281,,,612,211,,0.0585782,2021-12-25,2021-12-25
Traffic||Branding geral||Dezembro,QD_confra||All_cities||traffic,2021-12-25,18-24,active,adset,Traffic||Branding geral||Dezembro,Cliques no link,22,2168,3580,11.92,0.54,1.651291513,21,25,0.968634686,0.61452514,,,1172,338,,0.03526627,2021-12-25,2021-12-25
Traffic||Branding geral||Dezembro,QD_confra||All_cities||traffic,2021-12-25,45-54,active,adset,Traffic||Branding geral||Dezembro,,,88,144,0.48,,1.636363636,,0,0,,,,24,13,,0.03692308,2021-12-25,2021-12-25
Traffic||Branding geral||Dezembro,QD_confra||All_cities||traffic,2021-12-25,25-34,active,adset,Traffic||Branding geral||Dezembro,Cliques no link,45,3566,6379,23.59,0.52,1.788839035,44,49,1.233875491,0.705439724,,,1644,508,,0.04643701,2021-12-25,2021-12-25
Traffic||Branding geral||Dezembro,QD_Natal||All_cities||traffic,2021-12-24,35-44,active,adset,Traffic||Branding geral||Dezembro,Cliques no link,41,5624,7422,35.32,0.86,1.31970128,37,49,0.657894737,0.552411749,,,2337,836,,0.0422488,2021-12-24,2021-12-24
Traffic||Branding geral||Dezembro,QD_confra||All_cities||traffic,2021-12-24,25-34,active,adset,Traffic||Branding geral||Dezembro,Cliques no link,30,3064,5356,22.81,0.76,1.748041775,30,32,0.979112272,0.560119492,,,995,371,,0.06148248,2021-12-24,2021-12-24
Traffic||Branding geral||Dezembro,QD_confra||All_cities||traffic,2021-12-24,35-44,active,adset,Traffic||Branding geral||Dezembro,Cliques no link,18,1462,2653,12.12,0.67,1.814637483,17,19,1.162790698,0.678477196,,,420,168,,0.07214286,2021-12-24,2021-12-24
Traffic||Branding geral||Dezembro,QD_confra||All_cities||traffic,2021-12-24,18-24,active,adset,Traffic||Branding geral||Dezembro,Cliques no link,17,1652,2911,11.33,0.67,1.762106538,17,20,1.02905569,0.583991755,,,578,219,,0.05173516,2021-12-24,2021-12-24
Traffic||Branding geral||Dezembro,QD_confra||All_cities||traffic,2021-12-24,45-54,active,adset,Traffic||Branding geral||Dezembro,Cliques no link,3,72,137,0.86,0.29,1.902777778,2,3,2.777777778,2.189781022,,,13,9,,0.09555556,2021-12-24,2021-12-24
Traffic||Branding geral||Dezembro,QD_Natal||All_cities||traffic,2021-12-24,45-54,active,adset,Traffic||Branding geral||Dezembro,Cliques no link,2,256,366,2.17,1.09,1.4296875,2,2,0.78125,0.546448087,,,121,48,,0.04520833,2021-12-24,2021-12-24
Traffic||Branding geral||Dezembro,QD_Natal||All_cities||traffic,2021-12-24,18-24,active,adset,Traffic||Branding geral||Dezembro,Cliques no link,44,9608,13230,42.00,0.95,1.376977519,40,69,0.416319734,0.332577475,,,3400,1212,,0.03465347,2021-12-24,2021-12-24
Traffic||Branding geral||Dezembro,QD_Natal||All_cities||traffic,2021-12-24,25-34,active,adset,Traffic||Branding geral||Dezembro,Cliques no link,77,12896,17287,62.77,0.82,1.340493176,66,96,0.5117866,0.445421415,,,5300,1820,,0.03448901,2021-12-24,2021-12-24
Traffic||Branding geral||Dezembro,QD_Natal||All_cities||traffic,2021-12-23,18-24,active,adset,Traffic||Branding geral||Dezembro,Cliques no link,18,5888,8371,32.00,1.78,1.421705163,17,29,0.288722826,0.215028073,,,1987,668,,0.04790419,2021-12-23,2021-12-23
Traffic||Branding geral||Dezembro,QD_Natal||All_cities||traffic,2021-12-23,25-34,active,adset,Traffic||Branding geral||Dezembro,Cliques no link,51,9864,13782,62.33,1.22,1.397201946,49,59,0.49675588,0.370047889,,,3323,1344,,0.04637649,2021-12-23,2021-12-23
Traffic||Branding geral||Dezembro,QD_Natal||All_cities||traffic,2021-12-23,45-54,active,adset,Traffic||Branding geral||Dezembro,Cliques no link,2,252,364,2.25,1.13,1.444444444,2,3,0.793650794,0.549450549,,,65,36,,0.0625,2021-12-23,2021-12-23
Traffic||Branding geral||Dezembro,QD_Natal||All_cities||traffic,2021-12-23,35-44,active,adset,Traffic||Branding geral||Dezembro,Cliques no link,53,5420,7336,43.40,0.82,1.353505535,49,62,0.904059041,0.722464558,,,1746,712,,0.06095506,2021-12-23,2021-12-23
Traffic||Branding geral||Dezembro,QD_confra||All_cities||traffic,2021-12-23,25-34,active,adset,Traffic||Branding geral||Dezembro,Cliques no link,32,2678,5125,22.14,0.69,1.913741598,31,34,1.157580284,0.624390244,,,788,273,,0.0810989,2021-12-23,2021-12-23
Traffic||Branding geral||Dezembro,QD_confra||All_cities||traffic,2021-12-23,45-54,active,adset,Traffic||Branding geral||Dezembro,,,62,142,0.72,,2.290322581,,0,0,,,,18,7,,0.10285714,2021-12-23,2021-12-23
Traffic||Branding geral||Dezembro,QD_confra||All_cities||traffic,2021-12-23,18-24,active,adset,Traffic||Branding geral||Dezembro,Cliques no link,15,1518,2831,10.12,0.67,1.864953887,14,19,0.92226614,0.52984811,,,365,141,,0.07177305,2021-12-23,2021-12-23
Traffic||Branding geral||Dezembro,QD_confra||All_cities||traffic,2021-12-23,35-44,active,adset,Traffic||Branding geral||Dezembro,Cliques no link,16,1410,2669,12.83,0.80,1.892907801,16,16,1.134751773,0.599475459,,,384,155,,0.08277419,2021-12-23,2021-12-23
Traffic||Branding geral||Dezembro,QD_confra||All_cities||traffic,2021-12-22,18-24,active,adset,Traffic||Branding geral||Dezembro,Cliques no link,20,1678,2929,9.90,0.50,1.745530393,19,20,1.132300358,0.682826903,,,382,180,,0.055,2021-12-22,2021-12-22
Traffic||Branding geral||Dezembro,QD_Natal||All_cities||traffic,2021-12-22,25-34,active,adset,Traffic||Branding geral||Dezembro,Cliques no link,72,10393,14184,59.89,0.83,1.364764746,67,84,0.644664678,0.507614213,,,3833,1636,,0.03661025,2021-12-22,2021-12-22
Traffic||Branding geral||Dezembro,QD_Natal||All_cities||traffic,2021-12-22,35-44,active,adset,Traffic||Branding geral||Dezembro,Cliques no link,38,5464,7129,37.59,0.99,1.304721816,37,46,0.67715959,0.533034086,,,1632,752,,0.04999035,2021-12-22,2021-12-22
Traffic||Branding geral||Dezembro,QD_Natal||All_cities||traffic,2021-12-22,18-24,active,adset,Traffic||Branding geral||Dezembro,Cliques no link,33,7176,10157,37.71,1.14,1.415412486,33,48,0.459866221,0.324899084,,,2378,1108,,0.03403678,2021-12-22,2021-12-22
Traffic||Branding geral||Dezembro,QD_Natal||All_cities||traffic,2021-12-22,45-54,active,adset,Traffic||Branding geral||Dezembro,,,312,351,1.91,,1.125,,1,0,,,,49,28,,0.06821926,2021-12-22,2021-12-22
Traffic||Branding geral||Dezembro,QD_confra||All_cities||traffic,2021-12-22,35-44,active,adset,Traffic||Branding geral||Dezembro,Cliques no link,17,1670,2879,12.72,0.75,1.723952096,17,20,1.017964072,0.590482807,,,352,170,,0.07482353,2021-12-22,2021-12-22
Traffic||Branding geral||Dezembro,QD_confra||All_cities||traffic,2021-12-22,25-34,active,adset,Traffic||Branding geral||Dezembro,Cliques no link,32,3056,5417,22.18,0.69,1.772578534,32,34,1.047120419,0.590732878,,,800,340,,0.06523529,2021-12-22,2021-12-22
Traffic||Branding geral||Dezembro,QD_confra||All_cities||traffic,2021-12-22,45-54,active,adset,Traffic||Branding geral||Dezembro,Cliques no link,1,88,163,0.83,0.83,1.852272727,1,1,1.136363636,0.613496933,,,38,8,,0.10375,2021-12-22,2021-12-22
Traffic||Branding geral||Dezembro,QD_confra||All_cities||traffic,2021-12-21,45-54,active,adset,Traffic||Branding geral||Dezembro,,,98,179,1.07,,1.826530612,,0,0,,,,44,10,,0.107,2021-12-21,2021-12-21
Traffic||Branding geral||Dezembro,QD_confra||All_cities||traffic,2021-12-21,18-24,active,adset,Traffic||Branding geral||Dezembro,Cliques no link,18,1974,3381,11.29,0.63,1.712765957,18,18,0.911854103,0.532386868,,,587,250,,0.04516,2021-12-21,2021-12-21
Traffic||Branding geral||Dezembro,QD_confra||All_cities||traffic,2021-12-21,25-34,active,adset,Traffic||Branding geral||Dezembro,Cliques no link,33,3270,5885,22.22,0.67,1.79969419,33,35,1.009174312,0.560747664,,,1025,398,,0.05582915,2021-12-21,2021-12-21
Traffic||Branding geral||Dezembro,QD_confra||All_cities||traffic,2021-12-21,35-44,active,adset,Traffic||Branding geral||Dezembro,Cliques no link,19,1780,3119,13.25,0.70,1.752247191,19,22,1.06741573,0.609169606,,,444,184,,0.07201087,2021-12-21,2021-12-21
Traffic||Branding geral||Dezembro,QD_Natal||All_cities||traffic,2021-12-21,35-44,active,adset,Traffic||Branding geral||Dezembro,Cliques no link,32,6520,8574,38.00,1.19,1.315030675,31,43,0.475460123,0.373221367,,,1988,916,,0.04148472,2021-12-21,2021-12-21
Traffic||Branding geral||Dezembro,QD_Natal||All_cities||traffic,2021-12-21,18-24,active,adset,Traffic||Branding geral||Dezembro,Cliques no link,28,9832,13531,41.00,1.46,1.376220504,28,45,0.284784378,0.20693223,,,4039,1680,,0.02440476,2021-12-21,2021-12-21
Traffic||Branding geral||Dezembro,QD_Natal||All_cities||traffic,2021-12-21,45-54,active,adset,Traffic||Branding geral||Dezembro,Cliques no link,4,344,432,2.56,0.64,1.255813953,4,5,1.162790698,0.925925926,,,66,52,,0.04923077,2021-12-21,2021-12-21
Traffic||Branding geral||Dezembro,QD_Natal||All_cities||traffic,2021-12-21,25-34,active,adset,Traffic||Branding geral||Dezembro,Cliques no link,51,13744,17902,61.89,1.21,1.302532014,49,72,0.356519208,0.28488437,,,5563,2136,,0.02897472,2021-12-21,2021-12-21
Traffic||Branding geral||Dezembro,QD_confra||All_cities||traffic,2021-12-20,45-54,active,adset,Traffic||Branding geral||Dezembro,Cliques no link,1,94,145,0.63,0.63,1.542553191,1,1,1.063829787,0.689655172,,,25,7,,0.09,2021-12-20,2021-12-20
Traffic||Branding geral||Dezembro,QD_confra||All_cities||traffic,2021-12-20,25-34,active,adset,Traffic||Branding geral||Dezembro,Cliques no link,39,3162,5311,21.43,0.55,1.679633144,35,45,1.106894371,0.734324986,,,824,392,,0.05466837,2021-12-20,2021-12-20
Traffic||Branding geral||Dezembro,QD_confra||All_cities||traffic,2021-12-20,35-44,active,adset,Traffic||Branding geral||Dezembro,Cliques no link,18,1796,2963,13.43,0.75,1.649777283,18,24,1.002227171,0.607492406,,,422,185,,0.07259459,2021-12-20,2021-12-20
Traffic||Branding geral||Dezembro,QD_confra||All_cities||traffic,2021-12-20,18-24,active,adset,Traffic||Branding geral||Dezembro,Cliques no link,16,1906,3048,10.42,0.65,1.599160546,16,16,0.839454355,0.524934383,,,693,240,,0.04341667,2021-12-20,2021-12-20
Traffic||Branding geral||Dezembro,QD_Natal||All_cities||traffic,2021-12-20,18-24,active,adset,Traffic||Branding geral||Dezembro,Cliques no link,37,10048,12878,39.69,1.07,1.281648089,37,51,0.368232484,0.287311694,,,3538,1540,,0.02577273,2021-12-20,2021-12-20
Traffic||Branding geral||Dezembro,QD_Natal||All_cities||traffic,2021-12-20,25-34,active,adset,Traffic||Branding geral||Dezembro,Cliques no link,75,14912,18327,62.05,0.83,1.229010193,73,90,0.489538627,0.40923228,,,4896,2000,,0.031025,2021-12-20,2021-12-20
Traffic||Branding geral||Dezembro,QD_Natal||All_cities||traffic,2021-12-20,35-44,active,adset,Traffic||Branding geral||Dezembro,Cliques no link,42,7376,9340,42.79,1.02,1.26626898,41,52,0.555856833,0.449678801,,,2058,968,,0.04420455,2021-12-20,2021-12-20
Traffic||Branding geral||Dezembro,QD_Natal||All_cities||traffic,2021-12-20,45-54,active,adset,Traffic||Branding geral||Dezembro,Cliques no link,3,376,475,2.33,0.78,1.263297872,3,3,0.79787234,0.631578947,,,108,52,,0.04480769,2021-12-20,2021-12-20
Traffic||Branding geral||Dezembro,QD_Natal||All_cities||traffic,2021-12-19,18-24,active,adset,Traffic||Branding geral||Dezembro,Cliques no link,39,8928,12129,37.64,0.97,1.358534946,34,47,0.380824373,0.321543408,,,5403,1780,,0.02114607,2021-12-19,2021-12-19
Traffic||Branding geral||Dezembro,QD_Natal||All_cities||traffic,2021-12-19,35-44,active,adset,Traffic||Branding geral||Dezembro,Cliques no link,43,7648,9499,43.71,1.02,1.242024059,40,56,0.523012552,0.452679229,,,3598,1256,,0.03480096,2021-12-19,2021-12-19
Traffic||Branding geral||Dezembro,QD_Natal||All_cities||traffic,2021-12-19,45-54,active,adset,Traffic||Branding geral||Dezembro,Cliques no link,3,360,506,2.87,0.96,1.405555556,3,4,0.833333333,0.592885375,,,135,76,,0.03776316,2021-12-19,2021-12-19
Traffic||Branding geral||Dezembro,QD_Natal||All_cities||traffic,2021-12-19,25-34,active,adset,Traffic||Branding geral||Dezembro,Cliques no link,48,12928,17336,62.30,1.30,1.340965347,47,71,0.36355198,0.27688048,,,7597,2480,,0.02512097,2021-12-19,2021-12-19
Traffic||Branding geral||Dezembro,QD_confra||All_cities||traffic,2021-12-19,25-34,active,adset,Traffic||Branding geral||Dezembro,Cliques no link,35,3220,5630,22.31,0.64,1.748447205,33,37,1.02484472,0.621669627,,,1508,521,,0.0428215,2021-12-19,2021-12-19
Traffic||Branding geral||Dezembro,QD_confra||All_cities||traffic,2021-12-19,35-44,active,adset,Traffic||Branding geral||Dezembro,Cliques no link,20,1888,3214,14.93,0.75,1.702330508,20,23,1.059322034,0.622277536,,,742,244,,0.06118852,2021-12-19,2021-12-19
Traffic||Branding geral||Dezembro,QD_confra||All_cities||traffic,2021-12-19,45-54,active,adset,Traffic||Branding geral||Dezembro,Cliques no link,3,90,146,0.88,0.29,1.622222222,3,3,3.333333333,2.054794521,,,44,14,,0.06285714,2021-12-19,2021-12-19
Traffic||Branding geral||Dezembro,QD_confra||All_cities||traffic,2021-12-19,18-24,active,adset,Traffic||Branding geral||Dezembro,Cliques no link,12,1810,3009,10.45,0.87,1.662430939,12,16,0.662983425,0.398803589,,,867,283,,0.0369258,2021-12-19,2021-12-19
Traffic||Branding geral||Dezembro,QD_Natal||All_cities||traffic,2021-12-18,45-54,active,adset,Traffic||Branding geral||Dezembro,,,296,392,3.09,,1.324324324,,2,0,,,,108,60,,0.05150351,2021-12-18,2021-12-18
Traffic||Branding geral||Dezembro,QD_confra||All_cities||traffic,2021-12-18,18-24,active,adset,Traffic||Branding geral||Dezembro,Cliques no link,17,1738,2956,11.35,0.67,1.700805524,17,18,0.978135788,0.575101488,,,610,228,,0.0497807,2021-12-18,2021-12-18
Traffic||Branding geral||Dezembro,QD_confra||All_cities||traffic,2021-12-18,25-34,active,adset,Traffic||Branding geral||Dezembro,Cliques no link,49,3054,5386,21.99,0.45,1.763588736,46,52,1.506221349,0.90976606,,,1107,408,,0.05389706,2021-12-18,2021-12-18
Traffic||Branding geral||Dezembro,QD_confra||All_cities||traffic,2021-12-18,35-44,active,adset,Traffic||Branding geral||Dezembro,Cliques no link,31,1724,3003,14.09,0.45,1.74187935,29,36,1.682134571,1.032301032,,,553,219,,0.0643379,2021-12-18,2021-12-18
Traffic||Branding geral||Dezembro,QD_confra||All_cities||traffic,2021-12-18,45-54,active,adset,Traffic||Branding geral||Dezembro,Cliques no link,1,90,127,0.76,0.76,1.411111111,1,1,1.111111111,0.787401575,,,50,9,,0.08444444,2021-12-18,2021-12-18
Traffic||Branding geral||Dezembro,QD_Natal||All_cities||traffic,2021-12-18,35-44,active,adset,Traffic||Branding geral||Dezembro,Cliques no link,45,5912,7750,44.02,0.98,1.310893099,42,56,0.710419486,0.580645161,,,2488,876,,0.05025456,2021-12-18,2021-12-18
Traffic||Branding geral||Dezembro,QD_Natal||All_cities||traffic,2021-12-18,25-34,active,adset,Traffic||Branding geral||Dezembro,Cliques no link,49,10312,13572,60.69,1.24,1.31613654,49,68,0.475174554,0.36103743,,,4779,1700,,0.03570243,2021-12-18,2021-12-18
Traffic||Branding geral||Dezembro,QD_Natal||All_cities||traffic,2021-12-18,18-24,active,adset,Traffic||Branding geral||Dezembro,Cliques no link,27,6776,9675,39.06,1.45,1.42783353,24,40,0.354191263,0.279069767,,,3334,1284,,0.03042263,2021-12-18,2021-12-18
Traffic||Branding geral||Dezembro,QD_confra||All_cities||traffic,2021-12-17,18-24,active,adset,Traffic||Branding geral||Dezembro,Cliques no link,20,1600,2787,10.67,0.53,1.741875,20,21,1.25,0.71761751,,,512,216,,0.04939815,2021-12-17,2021-12-17
Traffic||Branding geral||Dezembro,QD_confra||All_cities||traffic,2021-12-17,25-34,active,adset,Traffic||Branding geral||Dezembro,Cliques no link,27,2870,5217,21.82,0.81,1.817770035,26,29,0.905923345,0.517538815,,,816,339,,0.06436578,2021-12-17,2021-12-17
Traffic||Branding geral||Dezembro,QD_confra||All_cities||traffic,2021-12-17,35-44,active,adset,Traffic||Branding geral||Dezembro,Cliques no link,23,1618,2846,14.36,0.62,1.758961681,20,24,1.236093943,0.808151792,,,472,180,,0.07977778,2021-12-17,2021-12-17
Traffic||Branding geral||Dezembro,QD_confra||All_cities||traffic,2021-12-17,45-54,active,adset,Traffic||Branding geral||Dezembro,,,96,163,0.78,,1.697916667,,1,0,,,,23,7,,0.11142857,2021-12-17,2021-12-17
Traffic||Branding geral||Dezembro,QD_Natal||All_cities||traffic,2021-12-17,35-44,active,adset,Traffic||Branding geral||Dezembro,Cliques no link,36,5160,7074,41.11,1.14,1.370930233,36,43,0.697674419,0.508905852,,,1895,736,,0.055852,2021-12-17,2021-12-17
Traffic||Branding geral||Dezembro,QD_Natal||All_cities||traffic,2021-12-17,25-34,active,adset,Traffic||Branding geral||Dezembro,Cliques no link,50,9543,12967,58.02,1.16,1.358797024,46,67,0.482028712,0.385594201,,,4253,1664,,0.03486531,2021-12-17,2021-12-17
Traffic||Branding geral||Dezembro,QD_Natal||All_cities||traffic,2021-12-17,18-24,active,adset,Traffic||Branding geral||Dezembro,Cliques no link,29,7332,9828,38.54,1.33,1.340425532,28,41,0.381887616,0.295075295,,,2737,1320,,0.02919489,2021-12-17,2021-12-17
Traffic||Branding geral||Dezembro,QD_Natal||All_cities||traffic,2021-12-17,45-54,active,adset,Traffic||Branding geral||Dezembro,Cliques no link,3,340,393,2.83,0.94,1.155882353,3,3,0.882352941,0.763358779,,,74,52,,0.0544192,2021-12-17,2021-12-17
Traffic||Branding geral||Dezembro,QD_confra||All_cities||traffic,2021-12-16,25-34,active,adset,Traffic||Branding geral||Dezembro,Cliques no link,42,2946,5224,21.53,0.51,1.773251867,40,43,1.357773252,0.803981623,,,810,322,,0.06686335,2021-12-16,2021-12-16
Traffic||Branding geral||Dezembro,QD_Natal||All_cities||traffic,2021-12-16,18-24,active,adset,Traffic||Branding geral||Dezembro,Cliques no link,17,7776,10363,35.81,2.11,1.332690329,17,32,0.218621399,0.164045161,,,3038,1176,,0.03045068,2021-12-16,2021-12-16
Traffic||Branding geral||Dezembro,QD_Natal||All_cities||traffic,2021-12-16,45-54,active,adset,Traffic||Branding geral||Dezembro,Cliques no link,3,296,397,3.20,1.07,1.341216216,3,3,1.013513514,0.755667506,,,139,40,,0.08,2021-12-16,2021-12-16
Traffic||Branding geral||Dezembro,QD_Natal||All_cities||traffic,2021-12-16,25-34,active,adset,Traffic||Branding geral||Dezembro,Cliques no link,38,11544,14636,56.49,1.49,1.267844768,36,52,0.311850312,0.25963378,,,4625,1856,,0.03043642,2021-12-16,2021-12-16
Traffic||Branding geral||Dezembro,QD_Natal||All_cities||traffic,2021-12-16,35-44,active,adset,Traffic||Branding geral||Dezembro,Cliques no link,34,5920,7575,39.86,1.17,1.279560811,32,37,0.540540541,0.448844884,,,2112,796,,0.05007538,2021-12-16,2021-12-16
Traffic||Branding geral||Dezembro,QD_confra||All_cities||traffic,2021-12-16,35-44,active,adset,Traffic||Branding geral||Dezembro,Cliques no link,17,1604,2832,13.38,0.79,1.765586035,17,20,1.059850374,0.600282486,,,393,173,,0.07734104,2021-12-16,2021-12-16
Traffic||Branding geral||Dezembro,QD_confra||All_cities||traffic,2021-12-16,45-54,active,adset,Traffic||Branding geral||Dezembro,Cliques no link,1,98,186,0.81,0.81,1.897959184,1,1,1.020408163,0.537634409,,,6,5,,0.162,2021-12-16,2021-12-16
Traffic||Branding geral||Dezembro,QD_confra||All_cities||traffic,2021-12-16,18-24,active,adset,Traffic||Branding geral||Dezembro,Cliques no link,13,1596,2900,11.61,0.89,1.817042607,13,13,0.814536341,0.448275862,,,501,198,,0.05863636,2021-12-16,2021-12-16
Traffic||Branding geral||Dezembro,QD_Natal||All_cities||traffic,2021-12-15,45-54,active,adset,Traffic||Branding geral||Dezembro,Cliques no link,3,376,446,2.58,0.86,1.186170213,3,4,0.79787234,0.67264574,,,97,40,,0.0645,2021-12-15,2021-12-15
Traffic||Branding geral||Dezembro,QD_confra||All_cities||traffic,2021-12-15,18-24,active,adset,Traffic||Branding geral||Dezembro,Cliques no link,23,1794,2859,10.73,0.47,1.593645485,22,24,1.226309922,0.80447709,,,607,246,,0.04361789,2021-12-15,2021-12-15
Traffic||Branding geral||Dezembro,QD_confra||All_cities||traffic,2021-12-15,45-54,active,adset,Traffic||Branding geral||Dezembro,,,120,173,0.80,,1.441666667,,0,0,,,,14,6,,0.13333333,2021-12-15,2021-12-15
Traffic||Branding geral||Dezembro,QD_Natal||All_cities||traffic,2021-12-15,25-34,active,adset,Traffic||Branding geral||Dezembro,Cliques no link,70,14032,16784,61.64,0.88,1.196123147,68,86,0.484606613,0.41706387,,,4566,1828,,0.03371991,2021-12-15,2021-12-15
Traffic||Branding geral||Dezembro,QD_confra||All_cities||traffic,2021-12-15,35-44,active,adset,Traffic||Branding geral||Dezembro,Cliques no link,29,1722,2964,14.88,0.51,1.721254355,27,30,1.567944251,0.978407557,,,443,213,,0.06985915,2021-12-15,2021-12-15
Traffic||Branding geral||Dezembro,QD_Natal||All_cities||traffic,2021-12-15,35-44,active,adset,Traffic||Branding geral||Dezembro,Cliques no link,55,7096,9133,46.04,0.84,1.287063134,52,70,0.732807215,0.60221176,,,2100,944,,0.04877119,2021-12-15,2021-12-15
Traffic||Branding geral||Dezembro,QD_Natal||All_cities||traffic,2021-12-15,18-24,active,adset,Traffic||Branding geral||Dezembro,Cliques no link,32,8832,11260,36.52,1.14,1.27490942,32,48,0.362318841,0.284191829,,,2877,1176,,0.03105442,2021-12-15,2021-12-15
Traffic||Branding geral||Dezembro,QD_confra||All_cities||traffic,2021-12-15,25-34,active,adset,Traffic||Branding geral||Dezembro,Cliques no link,40,3012,5264,22.52,0.56,1.747675963,38,43,1.261620186,0.759878419,,,837,375,,0.06005333,2021-12-15,2021-12-15
Traffic||Branding geral||Dezembro,QD_confra||All_cities||traffic,2021-12-14,35-44,active,adset,Traffic||Branding geral||Dezembro,Cliques no link,18,1716,2974,12.29,0.68,1.733100233,16,19,0.932400932,0.605245461,,,400,191,,0.06434555,2021-12-14,2021-12-14
Traffic||Branding geral||Dezembro,QD_Natal||All_cities||traffic,2021-12-14,25-34,active,adset,Traffic||Branding geral||Dezembro,Cliques no link,54,12736,16182,61.68,1.14,1.270571608,54,72,0.423994975,0.333704116,,,3834,1680,,0.03671179,2021-12-14,2021-12-14
Traffic||Branding geral||Dezembro,QD_confra||All_cities||traffic,2021-12-14,25-34,active,adset,Traffic||Branding geral||Dezembro,Cliques no link,25,3608,6015,22.99,0.92,1.667128603,25,32,0.692904656,0.415627598,,,1071,446,,0.05154709,2021-12-14,2021-12-14
Traffic||Branding geral||Dezembro,QD_Natal||All_cities||traffic,2021-12-14,35-44,active,adset,Traffic||Branding geral||Dezembro,Cliques no link,48,6744,9035,44.85,0.93,1.339709371,46,68,0.682087782,0.531267294,,,1761,760,,0.05900915,2021-12-14,2021-12-14
Traffic||Branding geral||Dezembro,QD_Natal||All_cities||traffic,2021-12-14,18-24,active,adset,Traffic||Branding geral||Dezembro,Cliques no link,39,7952,10304,37.77,0.97,1.295774648,38,56,0.477867203,0.378493789,,,2495,1164,,0.03244625,2021-12-14,2021-12-14
Traffic||Branding geral||Dezembro,QD_Natal||All_cities||traffic,2021-12-14,45-54,active,adset,Traffic||Branding geral||Dezembro,Cliques no link,3,408,461,2.76,0.92,1.129901961,3,3,0.735294118,0.650759219,,,95,52,,0.05307331,2021-12-14,2021-12-14
Traffic||Branding geral||Dezembro,QD_confra||All_cities||traffic,2021-12-14,18-24,active,adset,Traffic||Branding geral||Dezembro,Cliques no link,18,2684,4093,12.23,0.68,1.524962742,16,20,0.596125186,0.439775226,,,900,365,,0.03350685,2021-12-14,2021-12-14
Traffic||Branding geral||Dezembro,QD_confra||All_cities||traffic,2021-12-14,45-54,active,adset,Traffic||Branding geral||Dezembro,Cliques no link,1,104,160,0.82,0.82,1.538461538,1,1,0.961538462,0.625,,,20,8,,0.1025,2021-12-14,2021-12-14
Traffic||Branding geral||Dezembro,QD_Natal||All_cities||traffic,2021-12-13,35-44,active,adset,Traffic||Branding geral||Dezembro,Cliques no link,35,6240,8307,41.55,1.19,1.33125,35,51,0.560897436,0.421331407,,,1805,808,,0.05142081,2021-12-13,2021-12-13
Traffic||Branding geral||Dezembro,QD_confra||All_cities||traffic,2021-12-13,25-34,active,adset,Traffic||Branding geral||Dezembro,Cliques no link,29,3524,5602,21.47,0.74,1.589670829,29,39,0.82292849,0.51767226,,,880,375,,0.05726402,2021-12-13,2021-12-13
Traffic||Branding geral||Dezembro,QD_confra||All_cities||traffic,2021-12-13,18-24,active,adset,Traffic||Branding geral||Dezembro,Cliques no link,28,2673,3943,11.94,0.43,1.475121586,27,34,1.01010101,0.710119199,,,734,311,,0.03840172,2021-12-13,2021-12-13
Traffic||Branding geral||Dezembro,QD_confra||All_cities||traffic,2021-12-13,35-44,active,adset,Traffic||Branding geral||Dezembro,Cliques no link,22,1785,2997,13.34,0.61,1.678991597,22,25,1.232492997,0.734067401,,,322,147,,0.09074336,2021-12-13,2021-12-13
Traffic||Branding geral||Dezembro,QD_confra||All_cities||traffic,2021-12-13,45-54,active,adset,Traffic||Branding geral||Dezembro,Cliques no link,1,121,191,0.98,0.98,1.578512397,1,1,0.826446281,0.523560209,,,11,7,,0.14054066,2021-12-13,2021-12-13
Traffic||Branding geral||Dezembro,QD_Natal||All_cities||traffic,2021-12-13,45-54,active,adset,Traffic||Branding geral||Dezembro,Cliques no link,3,418,460,3.11,1.04,1.100478469,3,3,0.717703349,0.652173913,,,80,48,,0.064891,2021-12-13,2021-12-13
Traffic||Branding geral||Dezembro,QD_Natal||All_cities||traffic,2021-12-13,18-24,active,adset,Traffic||Branding geral||Dezembro,Cliques no link,36,8971,11689,40.58,1.13,1.302976257,34,49,0.378998997,0.307981863,,,3272,1368,,0.02966178,2021-12-13,2021-12-13
Traffic||Branding geral||Dezembro,QD_Natal||All_cities||traffic,2021-12-13,25-34,active,adset,Traffic||Branding geral||Dezembro,Cliques no link,46,11319,15518,58.21,1.27,1.370969167,45,70,0.397561622,0.296429952,,,4555,1852,,0.03143083,2021-12-13,2021-12-13
Traffic||Branding geral||Dezembro,QD_Natal||All_cities||traffic,2021-12-12,25-34,active,adset,Traffic||Branding geral||Dezembro,Cliques no link,62,14999,18865,61.98,1.00,1.257750517,57,82,0.380025335,0.328650941,,,8702,2900,,0.02137201,2021-12-12,2021-12-12
Traffic||Branding geral||Dezembro,QD_confra||All_cities||traffic,2021-12-12,35-44,active,adset,Traffic||Branding geral||Dezembro,Cliques no link,17,1905,3289,14.64,0.86,1.726509186,17,21,0.892388451,0.51687443,,,630,239,,0.06125222,2021-12-12,2021-12-12
Traffic||Branding geral||Dezembro,QD_Natal||All_cities||traffic,2021-12-12,35-44,active,adset,Traffic||Branding geral||Dezembro,Cliques no link,38,7800,9643,41.68,1.10,1.236282051,37,52,0.474358974,0.394068236,,,3732,1272,,0.03276808,2021-12-12,2021-12-12
Traffic||Branding geral||Dezembro,QD_Natal||All_cities||traffic,2021-12-12,45-54,active,adset,Traffic||Branding geral||Dezembro,Cliques no link,2,359,494,2.64,1.32,1.376044568,2,2,0.557103064,0.4048583,,,151,76,,0.03474057,2021-12-12,2021-12-12
Traffic||Branding geral||Dezembro,QD_confra||All_cities||traffic,2021-12-12,45-54,active,adset,Traffic||Branding geral||Dezembro,Cliques no link,2,129,238,1.26,0.63,1.84496124,2,3,1.550387597,0.840336134,,,39,15,,0.08369256,2021-12-12,2021-12-12
Traffic||Branding geral||Dezembro,QD_Natal||All_cities||traffic,2021-12-12,18-24,active,adset,Traffic||Branding geral||Dezembro,Cliques no link,28,10640,13327,39.50,1.41,1.252537594,27,51,0.253759398,0.210099797,,,5743,1744,,0.02264902,2021-12-12,2021-12-12
Traffic||Branding geral||Dezembro,QD_confra||All_cities||traffic,2021-12-12,18-24,active,adset,Traffic||Branding geral||Dezembro,Cliques no link,19,2199,3407,11.05,0.58,1.549340609,17,23,0.773078672,0.557675374,,,1031,365,,0.03027258,2021-12-12,2021-12-12
Traffic||Branding geral||Dezembro,QD_confra||All_cities||traffic,2021-12-12,25-34,active,adset,Traffic||Branding geral||Dezembro,Cliques no link,23,3244,5402,20.08,0.87,1.665228113,23,33,0.709001233,0.425768234,,,1276,483,,0.04156488,2021-12-12,2021-12-12
Traffic||Branding geral||Dezembro,QD_Natal||All_cities||traffic,2021-12-11,45-54,active,adset,Traffic||Branding geral||Dezembro,Cliques no link,2,367,458,3.03,1.51,1.247956403,2,3,0.544959128,0.436681223,,,157,50,,0.06053882,2021-12-11,2021-12-11
Traffic||Branding geral||Dezembro,QD_confra||All_cities||traffic,2021-12-11,45-54,active,adset,Traffic||Branding geral||Dezembro,,,106,144,0.69,,1.358490566,,0,0,,,,16,10,,0.06851815,2021-12-11,2021-12-11
Traffic||Branding geral||Dezembro,QD_Natal||All_cities||traffic,2021-12-11,35-44,active,adset,Traffic||Branding geral||Dezembro,Cliques no link,47,6575,8520,42.34,0.90,1.29581749,42,64,0.63878327,0.551643192,,,2559,914,,0.04631992,2021-12-11,2021-12-11
Traffic||Branding geral||Dezembro,QD_Natal||All_cities||traffic,2021-12-11,18-24,active,adset,Traffic||Branding geral||Dezembro,Cliques no link,33,9472,11908,39.10,1.18,1.257179054,33,54,0.34839527,0.277124622,,,3510,1254,,0.03117659,2021-12-11,2021-12-11
Traffic||Branding geral||Dezembro,QD_confra||All_cities||traffic,2021-12-11,35-44,active,adset,Traffic||Branding geral||Dezembro,Cliques no link,12,1433,2172,10.57,0.88,1.515701326,11,17,0.767620377,0.552486188,,,251,120,,0.08811912,2021-12-11,2021-12-11
Traffic||Branding geral||Dezembro,QD_confra||All_cities||traffic,2021-12-11,18-24,active,adset,Traffic||Branding geral||Dezembro,Cliques no link,15,2262,3130,11.04,0.74,1.383731211,15,23,0.663129973,0.479233227,,,502,210,,0.05259389,2021-12-11,2021-12-11
Traffic||Branding geral||Dezembro,QD_confra||All_cities||traffic,2021-12-11,25-34,active,adset,Traffic||Branding geral||Dezembro,Cliques no link,10,2643,3874,15.16,1.52,1.465758608,9,11,0.340522134,0.258131131,,,614,246,,0.06160897,2021-12-11,2021-12-11
Traffic||Branding geral||Dezembro,QD_Natal||All_cities||traffic,2021-12-11,25-34,active,adset,Traffic||Branding geral||Dezembro,Cliques no link,55,13412,16885,62.26,1.13,1.258947211,54,85,0.402624515,0.325732899,,,5420,1960,,0.03176593,2021-12-11,2021-12-11
Traffic||Branding geral||Dezembro,QD_Natal||All_cities||traffic,2021-12-10,45-54,active,adset,Traffic||Branding geral||Dezembro,Cliques no link,2,281,302,2.07,1.03,1.074733096,2,3,0.711743772,0.662251656,,,39,27,,0.07652568,2021-12-10,2021-12-10
Traffic||Branding geral||Dezembro,QD_Natal||All_cities||traffic,2021-12-10,25-34,active,adset,Traffic||Branding geral||Dezembro,Cliques no link,43,8425,10517,45.14,1.05,1.248308605,42,59,0.49851632,0.408861843,,,3059,1191,,0.03789697,2021-12-10,2021-12-10
Traffic||Branding geral||Dezembro,QD_Natal||All_cities||traffic,2021-12-10,18-24,active,adset,Traffic||Branding geral||Dezembro,Cliques no link,23,5971,7396,26.71,1.16,1.238653492,18,35,0.301457042,0.310978908,,,1985,768,,0.03477873,2021-12-10,2021-12-10
Traffic||Branding geral||Dezembro,QD_Natal||All_cities||traffic,2021-12-10,35-44,active,adset,Traffic||Branding geral||Dezembro,Cliques no link,23,4475,5527,29.51,1.28,1.235083799,23,34,0.51396648,0.416138954,,,1252,501,,0.0588991,2021-12-10,2021-12-10
Traffic||Branding geral||Dezembro,QD_confra||All_cities||traffic,2021-12-10,45-54,active,adset,Traffic||Branding geral||Dezembro,,,52,56,0.25,,1.076923077,,0,0,,,,30,14,,0.01785714,2021-12-10,2021-12-10
Traffic||Branding geral||Dezembro,QD_confra||All_cities||traffic,2021-12-10,18-24,active,adset,Traffic||Branding geral||Dezembro,Cliques no link,6,1664,1791,6.52,1.09,1.076322115,6,8,0.360576923,0.335008375,,,1250,508,,0.01283465,2021-12-10,2021-12-10
Traffic||Branding geral||Dezembro,QD_confra||All_cities||traffic,2021-12-10,35-44,active,adset,Traffic||Branding geral||Dezembro,Cliques no link,3,962,1039,4.88,1.63,1.08004158,3,6,0.311850312,0.288739172,,,786,281,,0.01736655,2021-12-10,2021-12-10
Traffic||Branding geral||Dezembro,QD_confra||All_cities||traffic,2021-12-10,25-34,active,adset,Traffic||Branding geral||Dezembro,Cliques no link,5,2007,2148,8.28,1.66,1.070254111,5,7,0.249128052,0.232774674,,,1569,664,,0.01246988,2021-12-10,2021-12-10
Traffic||Branding geral||Dezembro,QD_confra||All_cities||traffic,2021-12-09,35-44,active,adset,Traffic||Branding geral||Dezembro,Cliques no link,14,2232,2339,11.31,0.81,1.047939068,14,19,0.627240143,0.598546387,,,131,63,,0.17952381,2021-12-09,2021-12-09
Traffic||Branding geral||Dezembro,QD_confra||All_cities||traffic,2021-12-09,18-24,active,adset,Traffic||Branding geral||Dezembro,Cliques no link,24,3378,3578,10.33,0.43,1.059206631,22,32,0.651272943,0.670765791,,,315,137,,0.07540146,2021-12-09,2021-12-09
Traffic||Branding geral||Dezembro,QD_confra||All_cities||traffic,2021-12-09,45-54,active,adset,Traffic||Branding geral||Dezembro,,,98,104,0.64,,1.06122449,,0,0,,,,2,2,,0.32,2021-12-09,2021-12-09
Traffic||Branding geral||Dezembro,QD_confra||All_cities||traffic,2021-12-09,25-34,active,adset,Traffic||Branding geral||Dezembro,Cliques no link,23,4598,4833,17.00,0.74,1.051109178,22,31,0.4784689,0.475894889,,,314,160,,0.10625,2021-12-09,2021-12-09
Traffic||Branding geral||Dezembro,QD_Natal||All_cities||traffic,2021-12-09,35-44,active,adset,Traffic||Branding geral||Dezembro,Cliques no link,13,2162,2319,12.54,0.96,1.072617946,12,14,0.555041628,0.56058646,,,116,72,,0.17416667,2021-12-09,2021-12-09
Traffic||Branding geral||Dezembro,QD_Natal||All_cities||traffic,2021-12-09,25-34,active,adset,Traffic||Branding geral||Dezembro,Cliques no link,26,4060,4296,16.81,0.65,1.058128079,26,34,0.640394089,0.605214153,,,320,159,,0.10572327,2021-12-09,2021-12-09
Traffic||Branding geral||Dezembro,QD_Natal||All_cities||traffic,2021-12-09,45-54,active,adset,Traffic||Branding geral||Dezembro,Cliques no link,1,140,156,0.89,0.89,1.114285714,1,1,0.714285714,0.641025641,,,12,6,,0.14833333,2021-12-09,2021-12-09
Traffic||Branding geral||Dezembro,QD_Natal||All_cities||traffic,2021-12-09,18-24,active,adset,Traffic||Branding geral||Dezembro,Cliques no link,11,3164,3344,9.92,0.90,1.056890013,11,19,0.347661188,0.328947368,,,304,147,,0.06748299,2021-12-09,2021-12-09
Traffic||Branding geral||Novembro,QD_Produtos||All_cities||traffic,2021-12-07,18-24,completed,adset,Traffic||Branding geral||Novembro,,,0,0,0.00,,0,,0,0,,,,25,4,,0,2021-12-07,2021-12-07
Traffic||Branding geral||Novembro,QD_Vantagens ||All_cities||traffic,2021-12-07,18-24,completed,adset,Traffic||Branding geral||Novembro,,,0,0,0.00,,0,,0,0,,,,2,2,,0,2021-12-07,2021-12-07
Traffic||Branding geral||Novembro,QD_Vantagens ||All_cities||traffic,2021-12-07,25-34,completed,adset,Traffic||Branding geral||Novembro,,,0,0,0.00,,0,,0,0,,,,18,14,,0,2021-12-07,2021-12-07
Traffic||Branding geral||Novembro,QD_Produtos||All_cities||traffic,2021-12-07,25-34,completed,adset,Traffic||Branding geral||Novembro,,,0,0,0.00,,0,,0,0,,,,4,4,,0,2021-12-07,2021-12-07
Traffic||Branding geral||Novembro,QD_Produtos||All_cities||traffic,2021-12-07,35-44,completed,adset,Traffic||Branding geral||Novembro,,,0,0,0.00,,0,,0,0,,,,4,4,,0,2021-12-07,2021-12-07
Traffic||Branding geral||Novembro,QD_Vantagens ||All_cities||traffic,2021-12-07,35-44,completed,adset,Traffic||Branding geral||Novembro,,,0,0,0.00,,0,,0,0,,,,6,,,,2021-12-07,2021-12-07
Traffic||Branding geral||Novembro,QD_Produtos||All_cities||traffic,2021-12-06,25-34,completed,adset,Traffic||Branding geral||Novembro,,,0,0,0.00,,0,,0,0,,,,15,12,,0,2021-12-06,2021-12-06
Traffic||Branding geral||Novembro,QD_Produtos||All_cities||traffic,2021-12-06,18-24,completed,adset,Traffic||Branding geral||Novembro,,,0,0,0.00,,0,,0,0,,,,21,8,,0,2021-12-06,2021-12-06
Traffic||Branding geral||Novembro,QD_Vantagens ||All_cities||traffic,2021-12-06,18-24,completed,adset,Traffic||Branding geral||Novembro,,,0,0,0.00,,0,,0,0,,,,37,14,,0,2021-12-06,2021-12-06
Traffic||Branding geral||Novembro,QD_Vantagens ||All_cities||traffic,2021-12-06,35-44,completed,adset,Traffic||Branding geral||Novembro,,,0,0,0.00,,0,,0,0,,,,33,6,,0,2021-12-06,2021-12-06
Traffic||Branding geral||Novembro,QD_Vantagens ||All_cities||traffic,2021-12-06,25-34,completed,adset,Traffic||Branding geral||Novembro,,,0,0,0.00,,0,,0,0,,,,29,16,,0,2021-12-06,2021-12-06
Traffic||Branding geral||Novembro,QD_Produtos||All_cities||traffic,2021-12-06,35-44,completed,adset,Traffic||Branding geral||Novembro,,,0,0,0.00,,0,,0,0,,,,51,12,,0,2021-12-06,2021-12-06
Traffic||Branding geral||Novembro,QD_Vantagens ||All_cities||traffic,2021-12-05,25-34,completed,adset,Traffic||Branding geral||Novembro,,,0,0,0.00,,0,,0,0,,,,80,12,,0,2021-12-05,2021-12-05
Traffic||Branding geral||Novembro,QD_Vantagens ||All_cities||traffic,2021-12-05,18-24,completed,adset,Traffic||Branding geral||Novembro,,,0,0,0.00,,0,,0,0,,,,73,20,,0,2021-12-05,2021-12-05
Traffic||Branding geral||Novembro,QD_Vantagens ||All_cities||traffic,2021-12-05,35-44,completed,adset,Traffic||Branding geral||Novembro,,,0,0,0.00,,0,,0,0,,,,37,4,,0,2021-12-05,2021-12-05
Traffic||Branding geral||Novembro,QD_Produtos||All_cities||traffic,2021-12-05,35-44,completed,adset,Traffic||Branding geral||Novembro,,,0,0,0.00,,0,,0,0,,,,84,20,,0,2021-12-05,2021-12-05
Traffic||Branding geral||Novembro,QD_Produtos||All_cities||traffic,2021-12-05,25-34,completed,adset,Traffic||Branding geral||Novembro,,,0,0,0.00,,0,,0,0,,,,96,28,,0,2021-12-05,2021-12-05
Traffic||Branding geral||Novembro,QD_Produtos||All_cities||traffic,2021-12-05,18-24,completed,adset,Traffic||Branding geral||Novembro,,,0,0,0.00,,0,,0,0,,,,39,20,,0,2021-12-05,2021-12-05
Traffic||Branding geral||Novembro,QD_Vantagens ||All_cities||traffic,2021-12-04,35-44,completed,adset,Traffic||Branding geral||Novembro,,,0,0,0.00,,0,,0,0,,,,53,8,,0,2021-12-04,2021-12-04
Traffic||Branding geral||Novembro,QD_Vantagens ||All_cities||traffic,2021-12-04,18-24,completed,adset,Traffic||Branding geral||Novembro,,,0,0,0.00,,0,,0,0,,,,84,32,,0,2021-12-04,2021-12-04
Traffic||Branding geral||Novembro,QD_Vantagens ||All_cities||traffic,2021-12-04,25-34,completed,adset,Traffic||Branding geral||Novembro,,,0,0,0.00,,0,,0,0,,,,96,24,,0,2021-12-04,2021-12-04
Traffic||Branding geral||Novembro,QD_Produtos||All_cities||traffic,2021-12-04,35-44,completed,adset,Traffic||Branding geral||Novembro,,,0,0,0.00,,0,,0,0,,,,55,28,,0,2021-12-04,2021-12-04
Traffic||Branding geral||Novembro,QD_Produtos||All_cities||traffic,2021-12-04,25-34,completed,adset,Traffic||Branding geral||Novembro,,,0,0,0.00,,0,,0,0,,,,122,40,,0,2021-12-04,2021-12-04
Traffic||Branding geral||Novembro,QD_Produtos||All_cities||traffic,2021-12-04,18-24,completed,adset,Traffic||Branding geral||Novembro,,,0,0,0.00,,0,,0,0,,,,80,32,,0,2021-12-04,2021-12-04
Traffic||Branding geral||Novembro,QD_Vantagens ||All_cities||traffic,2021-12-04,45-54,completed,adset,Traffic||Branding geral||Novembro,,,0,0,0.00,,0,,0,0,,,,3,,,,2021-12-04,2021-12-04
Traffic||Branding geral||Novembro,QD_Produtos||All_cities||traffic,2021-12-03,18-24,completed,adset,Traffic||Branding geral||Novembro,,,0,0,0.00,,0,,0,0,,,,78,28,,0,2021-12-03,2021-12-03
Traffic||Branding geral||Novembro,QD_Vantagens ||All_cities||traffic,2021-12-03,25-34,completed,adset,Traffic||Branding geral||Novembro,,,0,0,0.00,,0,,0,0,,,,105,28,,0,2021-12-03,2021-12-03
Traffic||Branding geral||Novembro,QD_Vantagens ||All_cities||traffic,2021-12-03,18-24,completed,adset,Traffic||Branding geral||Novembro,,,0,0,0.00,,0,,0,0,,,,128,36,,0,2021-12-03,2021-12-03
Traffic||Branding geral||Novembro,QD_Vantagens ||All_cities||traffic,2021-12-03,35-44,completed,adset,Traffic||Branding geral||Novembro,,,0,0,0.00,,0,,0,0,,,,55,20,,0,2021-12-03,2021-12-03
Traffic||Branding geral||Novembro,QD_Vantagens ||All_cities||traffic,2021-12-03,45-54,completed,adset,Traffic||Branding geral||Novembro,,,0,0,0.00,,0,,0,0,,,,3,,,,2021-12-03,2021-12-03
Traffic||Branding geral||Novembro,QD_Produtos||All_cities||traffic,2021-12-03,45-54,completed,adset,Traffic||Branding geral||Novembro,,,0,0,0.00,,0,,0,0,,,,2,,,,2021-12-03,2021-12-03
Traffic||Branding geral||Novembro,QD_Produtos||All_cities||traffic,2021-12-03,25-34,completed,adset,Traffic||Branding geral||Novembro,,,0,0,0.00,,0,,0,0,,,,146,48,,0,2021-12-03,2021-12-03
Traffic||Branding geral||Novembro,QD_Produtos||All_cities||traffic,2021-12-03,35-44,completed,adset,Traffic||Branding geral||Novembro,,,0,0,0.00,,0,,0,0,,,,70,32,,0,2021-12-03,2021-12-03
Traffic||Branding geral||Novembro,QD_Produtos||All_cities||traffic,2021-12-02,18-24,completed,adset,Traffic||Branding geral||Novembro,,,0,0,0.00,,0,,0,0,,,,78,40,,0,2021-12-02,2021-12-02
Traffic||Branding geral||Novembro,QD_Produtos||All_cities||traffic,2021-12-02,35-44,completed,adset,Traffic||Branding geral||Novembro,,,0,0,0.00,,0,,0,0,,,,86,48,,0,2021-12-02,2021-12-02
Traffic||Branding geral||Novembro,QD_Produtos||All_cities||traffic,2021-12-02,25-34,completed,adset,Traffic||Branding geral||Novembro,,,0,0,0.00,,0,,0,0,,,,140,52,,0,2021-12-02,2021-12-02
Traffic||Branding geral||Novembro,QD_Vantagens ||All_cities||traffic,2021-12-02,18-24,completed,adset,Traffic||Branding geral||Novembro,,,0,0,0.00,,0,,0,0,,,,82,40,,0,2021-12-02,2021-12-02
Traffic||Branding geral||Novembro,QD_Vantagens ||All_cities||traffic,2021-12-02,35-44,completed,adset,Traffic||Branding geral||Novembro,,,0,0,0.00,,0,,0,0,,,,70,20,,0,2021-12-02,2021-12-02
Traffic||Branding geral||Novembro,QD_Vantagens ||All_cities||traffic,2021-12-02,25-34,completed,adset,Traffic||Branding geral||Novembro,,,0,0,0.00,,0,,0,0,,,,111,24,,0,2021-12-02,2021-12-02
Traffic||Branding geral||Novembro,QD_Produtos||All_cities||traffic,2021-12-02,45-54,completed,adset,Traffic||Branding geral||Novembro,,,0,0,0.00,,0,,0,0,,,,4,,,,2021-12-02,2021-12-02
Traffic||Branding geral||Novembro,QD_Vantagens ||All_cities||traffic,2021-12-01,45-54,completed,adset,Traffic||Branding geral||Novembro,,,0,0,0.00,,0,,0,0,,,,26,20,,0,2021-12-01,2021-12-01
Traffic||Branding geral||Novembro,QD_Vantagens ||All_cities||traffic,2021-12-01,25-34,completed,adset,Traffic||Branding geral||Novembro,,,0,0,0.00,,0,,0,0,,,,1160,524,,0,2021-12-01,2021-12-01
Traffic||Branding geral||Novembro,QD_Vantagens ||All_cities||traffic,2021-12-01,18-24,completed,adset,Traffic||Branding geral||Novembro,,,0,0,0.00,,0,,0,0,,,,955,448,,0,2021-12-01,2021-12-01
Traffic||Branding geral||Novembro,QD_Produtos||All_cities||traffic,2021-12-01,45-54,completed,adset,Traffic||Branding geral||Novembro,,,0,0,0.00,,0,,0,0,,,,23,8,,0,2021-12-01,2021-12-01
Traffic||Branding geral||Novembro,QD_Produtos||All_cities||traffic,2021-12-01,35-44,completed,adset,Traffic||Branding geral||Novembro,,,0,0,0.00,,0,,0,0,,,,699,276,,0,2021-12-01,2021-12-01
Traffic||Branding geral||Novembro,QD_Produtos||All_cities||traffic,2021-12-01,25-34,completed,adset,Traffic||Branding geral||Novembro,,,0,0,0.00,,0,,0,0,,,,1232,528,,0,2021-12-01,2021-12-01
Traffic||Branding geral||Novembro,QD_Produtos||All_cities||traffic,2021-12-01,18-24,completed,adset,Traffic||Branding geral||Novembro,,,0,0,0.00,,0,,0,0,,,,873,416,,0,2021-12-01,2021-12-01
Traffic||Branding geral||Novembro,QD_Vantagens ||All_cities||traffic,2021-12-01,35-44,completed,adset,Traffic||Branding geral||Novembro,,,0,0,0.00,,0,,0,0,,,,572,252,,0,2021-12-01,2021-12-01
