Nome do conjunto de anúncios,Dia,Região,Status de veiculação,Nível de veiculação,Nome da campanha,Tipo de resultado,Resultados,Alcance,Impressões,Valor gasto (BRL),Custo por resultado,Frequência,Cliques no link únicos,Cliques (todos),CTR único (taxa de cliques no link),CTR (taxa de cliques no link),Instalações do aplicativo,Custo por instalação de aplicativo,Ativações de aplicativos,Ativações do aplicativo únicas,Custo por ativação de aplicativo,Custo por ativação do aplicativo única,Início dos relatórios,Término dos relatórios
QD_Produtos||All_cities||traffic,2021-11-22,Unknown,active,adset,Traffic||Branding geral||Novembro,0,0,0,0,0.00,0.00,0,0,0,0,0,0,0,1,1,0,0,2021-11-22,2021-11-22
QD_Vantagens ||All_cities||traffic,2021-11-22,Pará,active,adset,Traffic||Branding geral||Novembro,0,0,1,1,0.01,0.00,1,0,0,0,0,0,0,0,0,0,0,2021-11-22,2021-11-22
QD_Vantagens ||All_cities||traffic,2021-11-22,Bahia,active,adset,Traffic||Branding geral||Novembro,Cliques no link,7,1269,1329,5.16,0.74,1.047281324,7,9,0.551615445,0.526711813,0,0,131,86,0,0.05997225,2021-11-22,2021-11-22
QD_Vantagens ||All_cities||traffic,2021-11-22,Pernambuco,active,adset,Traffic||Branding geral||Novembro,Cliques no link,1,919,965,3.98,3.98,1.050054407,1,1,0.108813928,0.103626943,0,0,93,59,0,0.06752584,2021-11-22,2021-11-22
QD_Vantagens ||All_cities||traffic,2021-11-22,Sergipe,active,adset,Traffic||Branding geral||Novembro,Cliques no link,1,657,684,2.71,2.71,1.04109589,1,3,0.152207002,0.14619883,0,0,166,101,0,0.02680683,2021-11-22,2021-11-22
QD_Vantagens ||All_cities||traffic,2021-11-22,Paraíba,active,adset,Traffic||Branding geral||Novembro,Cliques no link,1,532,565,2.00,2.00,1.062030075,1,1,0.187969925,0.17699115,0,0,87,58,0,0.03443379,2021-11-22,2021-11-22
QD_Vantagens ||All_cities||traffic,2021-11-22,São Paulo (state),active,adset,Traffic||Branding geral||Novembro,0,0,268,287,1.55,0.00,1.070895522,0,0,0,0,0,0,8,7,0,0.22207004,2021-11-22,2021-11-22
QD_Vantagens ||All_cities||traffic,2021-11-22,Alagoas,active,adset,Traffic||Branding geral||Novembro,0,0,260,274,1.00,0.00,1.053846154,0,0,0,0,0,0,14,11,0,0.09077999,2021-11-22,2021-11-22
QD_Vantagens ||All_cities||traffic,2021-11-22,Ceará,active,adset,Traffic||Branding geral||Novembro,0,0,129,135,0.46,0.00,1.046511628,0,0,0,0,0,0,10,10,0,0.04632587,2021-11-22,2021-11-22
QD_Vantagens ||All_cities||traffic,2021-11-22,Piauí,active,adset,Traffic||Branding geral||Novembro,0,0,60,62,0.29,0.00,1.033333333,0,0,0,0,0,0,3,3,0,0.09608328,2021-11-22,2021-11-22
QD_Vantagens ||All_cities||traffic,2021-11-22,Rio Grande do Norte,active,adset,Traffic||Branding geral||Novembro,0,0,28,30,0.09,0.00,1.071428571,0,0,0,0,0,0,6,4,0,0.02316293,2021-11-22,2021-11-22
QD_Vantagens ||All_cities||traffic,2021-11-22,Goiás,active,adset,Traffic||Branding geral||Novembro,0,0,26,28,0.20,0.00,1.076923077,0,0,0,0,0,0,1,1,0,0.19559811,2021-11-22,2021-11-22
QD_Vantagens ||All_cities||traffic,2021-11-22,Rio Grande do Sul,active,adset,Traffic||Branding geral||Novembro,0,0,1,1,0.00,0.00,1,0,0,0,0,0,0,0,0,0,0,2021-11-22,2021-11-22
QD_Vantagens ||All_cities||traffic,2021-11-22,Maranhão,active,adset,Traffic||Branding geral||Novembro,0,0,11,11,0.02,0.00,1,0,0,0,0,0,0,1,1,0,0.02058928,2021-11-22,2021-11-22
QD_Produtos||All_cities||traffic,2021-11-22,Pará,active,adset,Traffic||Branding geral||Novembro,0,0,3,3,0.02,0.00,1,0,0,0,0,0,0,0,0,0,0,2021-11-22,2021-11-22
QD_Produtos||All_cities||traffic,2021-11-22,Ceará,active,adset,Traffic||Branding geral||Novembro,0,0,172,182,0.62,0.00,1.058139535,0,0,0,0,0,0,21,11,0,0.05616457,2021-11-22,2021-11-22
QD_Produtos||All_cities||traffic,2021-11-22,Bahia,active,adset,Traffic||Branding geral||Novembro,Cliques no link,5,1607,1684,7.29,1.46,1.04791537,5,8,0.311138768,0.296912114,0,0,195,113,0,0.0645147,2021-11-22,2021-11-22
QD_Produtos||All_cities||traffic,2021-11-22,Pernambuco,active,adset,Traffic||Branding geral||Novembro,Cliques no link,1,986,1031,4.54,4.54,1.045638945,1,5,0.101419878,0.09699321,0,0,114,70,0,0.06487007,2021-11-22,2021-11-22
QD_Produtos||All_cities||traffic,2021-11-22,Sergipe,active,adset,Traffic||Branding geral||Novembro,Cliques no link,4,890,928,3.62,0.91,1.042696629,4,4,0.449438202,0.431034483,0,0,260,129,0,0.0280968,2021-11-22,2021-11-22
QD_Produtos||All_cities||traffic,2021-11-22,Alagoas,active,adset,Traffic||Branding geral||Novembro,Cliques no link,1,248,261,1.00,1.00,1.052419355,1,1,0.403225806,0.383141762,0,0,26,19,0,0.05256806,2021-11-22,2021-11-22
QD_Produtos||All_cities||traffic,2021-11-22,São Paulo (state),active,adset,Traffic||Branding geral||Novembro,Cliques no link,1,201,209,1.19,1.19,1.039800995,1,1,0.497512438,0.4784689,0,0,0,0,0,0,2021-11-22,2021-11-22
QD_Produtos||All_cities||traffic,2021-11-22,Paraíba,active,adset,Traffic||Branding geral||Novembro,Cliques no link,1,700,737,2.64,2.64,1.052857143,1,1,0.142857143,0.13568521,0,0,122,76,0,0.03468408,2021-11-22,2021-11-22
QD_Produtos||All_cities||traffic,2021-11-22,Piauí,active,adset,Traffic||Branding geral||Novembro,0,0,80,84,0.26,0.00,1.05,0,0,0,0,0,0,8,5,0,0.05148418,2021-11-22,2021-11-22
QD_Produtos||All_cities||traffic,2021-11-22,Rio Grande do Norte,active,adset,Traffic||Branding geral||Novembro,0,0,37,39,0.16,0.00,1.054054054,0,0,0,0,0,0,5,4,0,0.04118735,2021-11-22,2021-11-22
QD_Produtos||All_cities||traffic,2021-11-22,Goiás,active,adset,Traffic||Branding geral||Novembro,0,0,18,20,0.11,0.00,1.111111111,0,0,0,0,0,0,0,0,0,0,2021-11-22,2021-11-22
QD_Produtos||All_cities||traffic,2021-11-22,Maranhão,active,adset,Traffic||Branding geral||Novembro,0,0,15,17,0.06,0.00,1.133333333,0,0,0,0,0,0,0,0,0,0,2021-11-22,2021-11-22
QD_Produtos||All_cities||traffic,2021-11-22,Rio Grande do Sul,active,adset,Traffic||Branding geral||Novembro,0,0,4,4,0.01,0.00,1,0,0,0,0,0,0,0,0,0,0,2021-11-22,2021-11-22
QD_Vantagens ||All_cities||traffic,2021-11-21,Bahia,active,adset,Traffic||Branding geral||Novembro,Cliques no link,43,7696,8763,37.50,0.87,1.138643451,42,52,0.545738046,0.490699532,0,0,3400,1420,0,0.02640593,2021-11-21,2021-11-21
QD_Vantagens ||All_cities||traffic,2021-11-21,Rio Grande do Norte,active,adset,Traffic||Branding geral||Novembro,Cliques no link,1,216,322,1.13,1.13,1.490740741,1,2,0.462962963,0.310559006,0,0,154,60,0,0.01883656,2021-11-21,2021-11-21
QD_Vantagens ||All_cities||traffic,2021-11-21,Pernambuco,active,adset,Traffic||Branding geral||Novembro,Cliques no link,21,4424,5766,25.68,1.22,1.303345389,20,32,0.452079566,0.364203954,0,0,1454,576,0,0.04459096,2021-11-21,2021-11-21
QD_Vantagens ||All_cities||traffic,2021-11-21,Sergipe,active,adset,Traffic||Branding geral||Novembro,Cliques no link,14,4048,4201,16.25,1.16,1.037796443,14,20,0.345849802,0.333253987,0,0,2832,864,0,0.01881109,2021-11-21,2021-11-21
QD_Vantagens ||All_cities||traffic,2021-11-21,Paraíba,active,adset,Traffic||Branding geral||Novembro,Cliques no link,15,2912,3665,13.71,0.91,1.258585165,14,19,0.480769231,0.409276944,0,0,1628,620,0,0.02211669,2021-11-21,2021-11-21
QD_Vantagens ||All_cities||traffic,2021-11-21,São Paulo (state),active,adset,Traffic||Branding geral||Novembro,Cliques no link,13,1368,1833,8.72,0.67,1.339912281,11,19,0.804093567,0.709219858,0,0,252,108,0,0.08075456,2021-11-21,2021-11-21
QD_Vantagens ||All_cities||traffic,2021-11-21,Alagoas,active,adset,Traffic||Branding geral||Novembro,Cliques no link,7,1320,1623,7.38,1.05,1.229545455,7,10,0.53030303,0.431300062,0,0,510,172,0,0.04291432,2021-11-21,2021-11-21
QD_Vantagens ||All_cities||traffic,2021-11-21,Ceará,active,adset,Traffic||Branding geral||Novembro,0,0,784,913,3.50,0.00,1.164540816,0,0,0,0,0,0,329,160,0,0.02187874,2021-11-21,2021-11-21
QD_Vantagens ||All_cities||traffic,2021-11-21,Piauí,active,adset,Traffic||Branding geral||Novembro,0,0,421,421,1.61,0.00,1,0,0,0,0,0,0,116,68,0,0.02368052,2021-11-21,2021-11-21
QD_Produtos||All_cities||traffic,2021-11-21,Bahia,active,adset,Traffic||Branding geral||Novembro,Cliques no link,41,7576,9320,38.46,0.94,1.230200634,41,57,0.541182682,0.439914163,0,0,4016,1432,0,0.02685754,2021-11-21,2021-11-21
QD_Vantagens ||All_cities||traffic,2021-11-21,Goiás,active,adset,Traffic||Branding geral||Novembro,0,0,152,166,0.73,0.00,1.092105263,0,0,0,0,0,0,30,16,0,0.04563281,2021-11-21,2021-11-21
QD_Produtos||All_cities||traffic,2021-11-21,Paraná,active,adset,Traffic||Branding geral||Novembro,0,0,0,2,0.01,0.00,0,0,0,0,0,0,0,0,0,0,0,2021-11-21,2021-11-21
QD_Produtos||All_cities||traffic,2021-11-21,Sergipe,active,adset,Traffic||Branding geral||Novembro,Cliques no link,21,4912,5370,19.91,0.95,1.093241042,19,25,0.386807818,0.391061453,0,0,4608,1436,0,0.0138649,2021-11-21,2021-11-21
QD_Produtos||All_cities||traffic,2021-11-21,Paraíba,active,adset,Traffic||Branding geral||Novembro,Cliques no link,19,3376,4038,14.86,0.78,1.196090047,16,21,0.473933649,0.470529965,0,0,2279,824,0,0.01803398,2021-11-21,2021-11-21
QD_Produtos||All_cities||traffic,2021-11-21,Alagoas,active,adset,Traffic||Branding geral||Novembro,Cliques no link,3,1176,1439,6.10,2.03,1.223639456,3,5,0.255102041,0.20847811,0,0,486,156,0,0.03910256,2021-11-21,2021-11-21
QD_Produtos||All_cities||traffic,2021-11-21,São Paulo (state),active,adset,Traffic||Branding geral||Novembro,Cliques no link,5,880,1110,5.05,1.01,1.261363636,5,11,0.568181818,0.45045045,0,0,164,80,0,0.063125,2021-11-21,2021-11-21
QD_Produtos||All_cities||traffic,2021-11-21,Ceará,active,adset,Traffic||Branding geral||Novembro,Cliques no link,3,672,922,3.14,1.05,1.37202381,3,3,0.446428571,0.32537961,0,0,399,136,0,0.02308824,2021-11-21,2021-11-21
QD_Produtos||All_cities||traffic,2021-11-21,Piauí,active,adset,Traffic||Branding geral||Novembro,0,0,376,427,1.83,0.00,1.135638298,0,0,0,0,0,0,123,80,0,0.022875,2021-11-21,2021-11-21
QD_Produtos||All_cities||traffic,2021-11-21,Rio Grande do Norte,active,adset,Traffic||Branding geral||Novembro,0,0,228,228,0.90,0.00,1,0,0,0,0,0,0,68,44,0,0.02045455,2021-11-21,2021-11-21
QD_Produtos||All_cities||traffic,2021-11-21,Goiás,active,adset,Traffic||Branding geral||Novembro,Cliques no link,1,127,127,0.60,0.60,1,1,1,0.787401575,0.787401575,0,0,23,16,0,0.0375,2021-11-21,2021-11-21
QD_Produtos||All_cities||traffic,2021-11-21,Maranhão,active,adset,Traffic||Branding geral||Novembro,0,0,48,92,0.33,0.00,1.916666667,0,0,0,0,0,0,39,24,0,0.01375,2021-11-21,2021-11-21
QD_Produtos||All_cities||traffic,2021-11-21,Pará,active,adset,Traffic||Branding geral||Novembro,0,0,8,15,0.14,0.00,1.875,0,1,0,0,0,0,3,0,0,0,2021-11-21,2021-11-21
QD_Vantagens ||All_cities||traffic,2021-11-21,Maranhão,active,adset,Traffic||Branding geral||Novembro,0,0,88,113,0.44,0.00,1.284090909,0,0,0,0,0,0,37,16,0,0.02750471,2021-11-21,2021-11-21
QD_Produtos||All_cities||traffic,2021-11-21,Unknown,active,adset,Traffic||Branding geral||Novembro,0,0,10,10,0.03,0.00,1,0,0,0,0,0,0,3,3,0,0.01,2021-11-21,2021-11-21
QD_Produtos||All_cities||traffic,2021-11-21,Rio Grande do Sul,active,adset,Traffic||Branding geral||Novembro,0,0,8,14,0.05,0.00,1.75,0,0,0,0,0,0,2,2,0,0.025,2021-11-21,2021-11-21
QD_Vantagens ||All_cities||traffic,2021-11-21,Paraná,active,adset,Traffic||Branding geral||Novembro,0,0,4,4,0.03,0.00,1,0,0,0,0,0,0,0,0,0,0,2021-11-21,2021-11-21
QD_Produtos||All_cities||traffic,2021-11-21,Federal District,active,adset,Traffic||Branding geral||Novembro,0,0,0,2,0.01,0.00,0,0,0,0,0,0,0,0,0,0,0,2021-11-21,2021-11-21
QD_Vantagens ||All_cities||traffic,2021-11-21,Rio Grande do Sul,active,adset,Traffic||Branding geral||Novembro,0,0,16,22,0.08,0.00,1.375,0,0,0,0,0,0,0,0,0,0,2021-11-21,2021-11-21
QD_Vantagens ||All_cities||traffic,2021-11-21,Pará,active,adset,Traffic||Branding geral||Novembro,0,0,0,11,0.09,0.00,0,0,0,0,0,0,0,0,0,0,0,2021-11-21,2021-11-21
QD_Vantagens ||All_cities||traffic,2021-11-21,Unknown,active,adset,Traffic||Branding geral||Novembro,0,0,0,9,0.03,0.00,0,0,0,0,0,0,0,4,4,0,0.00750128,2021-11-21,2021-11-21
QD_Vantagens ||All_cities||traffic,2021-11-21,Minas Gerais,active,adset,Traffic||Branding geral||Novembro,0,0,0,2,0.00,0.00,0,0,0,0,0,0,0,0,0,0,0,2021-11-21,2021-11-21
QD_Vantagens ||All_cities||traffic,2021-11-21,Federal District,active,adset,Traffic||Branding geral||Novembro,0,0,0,1,0.00,0.00,0,0,0,0,0,0,0,0,0,0,0,2021-11-21,2021-11-21
QD_Produtos||All_cities||traffic,2021-11-21,Pernambuco,active,adset,Traffic||Branding geral||Novembro,Cliques no link,26,4992,5639,24.38,0.94,1.129607372,24,34,0.480769231,0.461074659,0,0,1747,712,0,0.03424157,2021-11-21,2021-11-21
QD_Vantagens ||All_cities||traffic,2021-11-20,Paraná,active,adset,Traffic||Branding geral||Novembro,0,0,4,4,0.03,0.00,1,0,0,0,0,0,0,1,1,0,0.02999484,2021-11-20,2021-11-20
QD_Vantagens ||All_cities||traffic,2021-11-20,Pernambuco,active,adset,Traffic||Branding geral||Novembro,Cliques no link,34,4128,5150,25.17,0.74,1.247577519,32,48,0.775193798,0.660194175,0,0,1144,528,0,0.04766226,2021-11-20,2021-11-20
QD_Produtos||All_cities||traffic,2021-11-20,Piauí,active,adset,Traffic||Branding geral||Novembro,Cliques no link,3,336,336,1.61,0.54,1,3,7,0.892857143,0.892857143,0,0,86,44,0,0.03658458,2021-11-20,2021-11-20
QD_Produtos||All_cities||traffic,2021-11-20,Rio Grande do Norte,active,adset,Traffic||Branding geral||Novembro,0,0,180,203,0.84,0.00,1.127777778,0,0,0,0,0,0,66,32,0,0.02624546,2021-11-20,2021-11-20
QD_Produtos||All_cities||traffic,2021-11-20,Goiás,active,adset,Traffic||Branding geral||Novembro,0,0,105,105,0.59,0.00,1,0,0,0,0,0,0,15,0,0,0,2021-11-20,2021-11-20
QD_Produtos||All_cities||traffic,2021-11-20,Maranhão,active,adset,Traffic||Branding geral||Novembro,0,0,84,102,0.37,0.00,1.214285714,0,0,0,0,0,0,7,7,0,0.052848,2021-11-20,2021-11-20
QD_Produtos||All_cities||traffic,2021-11-20,Unknown,active,adset,Traffic||Branding geral||Novembro,0,0,44,44,0.24,0.00,1,0,1,0,0,0,0,16,12,0,0.01999654,2021-11-20,2021-11-20
QD_Produtos||All_cities||traffic,2021-11-20,Pará,active,adset,Traffic||Branding geral||Novembro,Cliques no link,1,0,12,0.08,0.08,0,1,1,0,8.333333333,0,0,2,0,0,0,2021-11-20,2021-11-20
QD_Produtos||All_cities||traffic,2021-11-20,Rio Grande do Sul,active,adset,Traffic||Branding geral||Novembro,0,0,4,7,0.01,0.00,1.75,0,0,0,0,0,0,0,0,0,0,2021-11-20,2021-11-20
QD_Produtos||All_cities||traffic,2021-11-20,Paraná,active,adset,Traffic||Branding geral||Novembro,0,0,2,2,0.01,0.00,1,0,0,0,0,0,0,0,0,0,0,2021-11-20,2021-11-20
QD_Produtos||All_cities||traffic,2021-11-20,Federal District,active,adset,Traffic||Branding geral||Novembro,0,0,0,1,0.00,0.00,0,0,0,0,0,0,0,0,0,0,0,2021-11-20,2021-11-20
QD_Vantagens ||All_cities||traffic,2021-11-20,Sergipe,active,adset,Traffic||Branding geral||Novembro,Cliques no link,12,2904,3584,15.63,1.30,1.23415978,12,16,0.41322314,0.334821429,0,0,1827,636,0,0.02457125,2021-11-20,2021-11-20
QD_Produtos||All_cities||traffic,2021-11-20,São Paulo (state),active,adset,Traffic||Branding geral||Novembro,Cliques no link,5,644,959,5.23,1.05,1.489130435,5,7,0.776397516,0.521376434,0,0,187,84,0,0.06225113,2021-11-20,2021-11-20
QD_Vantagens ||All_cities||traffic,2021-11-20,Paraíba,active,adset,Traffic||Branding geral||Novembro,Cliques no link,15,2524,2930,12.69,0.85,1.160855784,14,21,0.554675119,0.511945392,0,0,1200,432,0,0.02936995,2021-11-20,2021-11-20
QD_Vantagens ||All_cities||traffic,2021-11-20,São Paulo (state),active,adset,Traffic||Branding geral||Novembro,Cliques no link,11,1216,1634,8.99,0.82,1.34375,11,15,0.904605263,0.673194614,0,0,309,120,0,0.07490379,2021-11-20,2021-11-20
QD_Vantagens ||All_cities||traffic,2021-11-20,Alagoas,active,adset,Traffic||Branding geral||Novembro,Cliques no link,7,1144,1431,6.99,1.00,1.250874126,7,11,0.611888112,0.489168414,0,0,396,136,0,0.05138823,2021-11-20,2021-11-20
QD_Vantagens ||All_cities||traffic,2021-11-20,Ceará,active,adset,Traffic||Branding geral||Novembro,Cliques no link,5,608,854,4.21,0.84,1.404605263,5,8,0.822368421,0.585480094,0,0,270,96,0,0.04384663,2021-11-20,2021-11-20
QD_Vantagens ||All_cities||traffic,2021-11-20,Piauí,active,adset,Traffic||Branding geral||Novembro,Cliques no link,2,372,388,1.68,0.84,1.043010753,2,2,0.537634409,0.515463918,0,0,116,52,0,0.03230214,2021-11-20,2021-11-20
QD_Vantagens ||All_cities||traffic,2021-11-20,Rio Grande do Norte,active,adset,Traffic||Branding geral||Novembro,0,0,256,306,1.09,0.00,1.1953125,0,0,0,0,0,0,84,48,0,0.02270443,2021-11-20,2021-11-20
QD_Vantagens ||All_cities||traffic,2021-11-20,Goiás,active,adset,Traffic||Branding geral||Novembro,Cliques no link,2,124,158,0.99,0.49,1.274193548,1,2,0.806451613,1.265822785,0,0,44,28,0,0.03535107,2021-11-20,2021-11-20
QD_Vantagens ||All_cities||traffic,2021-11-20,Maranhão,active,adset,Traffic||Branding geral||Novembro,Cliques no link,1,108,136,0.61,0.61,1.259259259,1,2,0.925925926,0.735294118,0,0,37,4,0,0.15247379,2021-11-20,2021-11-20
QD_Vantagens ||All_cities||traffic,2021-11-20,Unknown,active,adset,Traffic||Branding geral||Novembro,0,0,44,44,0.22,0.00,1,0,0,0,0,0,0,16,4,0,0.05499055,2021-11-20,2021-11-20
QD_Produtos||All_cities||traffic,2021-11-20,Ceará,active,adset,Traffic||Branding geral||Novembro,Cliques no link,1,692,843,3.31,3.31,1.218208092,1,2,0.144508671,0.118623962,0,0,232,84,0,0.03939795,2021-11-20,2021-11-20
QD_Produtos||All_cities||traffic,2021-11-20,Alagoas,active,adset,Traffic||Branding geral||Novembro,Cliques no link,7,1004,1127,5.09,0.73,1.12250996,7,7,0.697211155,0.621118012,0,0,323,152,0,0.03348105,2021-11-20,2021-11-20
QD_Vantagens ||All_cities||traffic,2021-11-20,Pará,active,adset,Traffic||Branding geral||Novembro,0,0,0,18,0.05,0.00,0,0,0,0,0,0,0,0,0,0,0,2021-11-20,2021-11-20
QD_Vantagens ||All_cities||traffic,2021-11-20,Bahia,active,adset,Traffic||Branding geral||Novembro,Cliques no link,38,6771,7967,37.96,1.00,1.176635652,34,45,0.502141486,0.476967491,0,0,2686,1128,0,0.03365556,2021-11-20,2021-11-20
QD_Produtos||All_cities||traffic,2021-11-20,Paraíba,active,adset,Traffic||Branding geral||Novembro,Cliques no link,13,3020,3624,14.59,1.12,1.2,12,15,0.397350993,0.358719647,0,0,1802,656,0,0.02223701,2021-11-20,2021-11-20
QD_Vantagens ||All_cities||traffic,2021-11-20,Rio Grande do Sul,active,adset,Traffic||Branding geral||Novembro,0,0,16,18,0.07,0.00,1.125,0,0,0,0,0,0,0,0,0,0,2021-11-20,2021-11-20
QD_Produtos||All_cities||traffic,2021-11-20,Bahia,active,adset,Traffic||Branding geral||Novembro,Cliques no link,40,7371,8641,41.25,1.03,1.172296839,39,46,0.529100529,0.462909385,0,0,3018,1268,0,0.0325338,2021-11-20,2021-11-20
QD_Produtos||All_cities||traffic,2021-11-20,Sergipe,active,adset,Traffic||Branding geral||Novembro,Cliques no link,14,4148,4891,20.76,1.48,1.179122469,14,19,0.337512054,0.286240033,0,0,3066,1068,0,0.01943484,2021-11-20,2021-11-20
QD_Produtos||All_cities||traffic,2021-11-20,Pernambuco,active,adset,Traffic||Branding geral||Novembro,Cliques no link,17,3660,4393,21.63,1.27,1.200273224,17,22,0.464480874,0.386979285,0,0,941,448,0,0.0482729,2021-11-20,2021-11-20
QD_Vantagens ||All_cities||traffic,2021-11-19,Bahia,active,adset,Traffic||Branding geral||Novembro,Cliques no link,43,6503,7807,39.81,0.93,1.200522836,42,60,0.645855759,0.550787755,0,0,2065,864,0,0.04607196,2021-11-19,2021-11-19
QD_Vantagens ||All_cities||traffic,2021-11-19,Pernambuco,active,adset,Traffic||Branding geral||Novembro,Cliques no link,27,3323,4225,21.78,0.81,1.271441469,25,35,0.75233223,0.639053254,0,0,728,346,0,0.06293869,2021-11-19,2021-11-19
QD_Vantagens ||All_cities||traffic,2021-11-19,Sergipe,active,adset,Traffic||Branding geral||Novembro,Cliques no link,15,2581,3064,15.31,1.02,1.187136769,15,22,0.581170089,0.489556136,0,0,1255,510,0,0.03001673,2021-11-19,2021-11-19
QD_Vantagens ||All_cities||traffic,2021-11-19,Paraíba,active,adset,Traffic||Branding geral||Novembro,Cliques no link,4,2322,2786,12.24,3.06,1.199827735,4,7,0.172265289,0.143575018,0,0,911,382,0,0.03203888,2021-11-19,2021-11-19
QD_Vantagens ||All_cities||traffic,2021-11-19,São Paulo (state),active,adset,Traffic||Branding geral||Novembro,Cliques no link,13,1117,1618,9.13,0.70,1.448522829,13,18,1.163831692,0.803461063,0,0,258,132,0,0.06916142,2021-11-19,2021-11-19
QD_Vantagens ||All_cities||traffic,2021-11-19,Alagoas,active,adset,Traffic||Branding geral||Novembro,Cliques no link,3,1117,1356,6.62,2.21,1.21396598,3,3,0.268576544,0.221238938,0,0,290,114,0,0.05805045,2021-11-19,2021-11-19
QD_Vantagens ||All_cities||traffic,2021-11-19,Ceará,active,adset,Traffic||Branding geral||Novembro,Cliques no link,2,555,763,3.21,1.60,1.374774775,2,3,0.36036036,0.262123198,0,0,163,80,0,0.04011514,2021-11-19,2021-11-19
QD_Vantagens ||All_cities||traffic,2021-11-19,Rio Grande do Norte,active,adset,Traffic||Branding geral||Novembro,Cliques no link,5,243,288,1.66,0.33,1.185185185,2,7,0.823045267,1.736111111,0,0,59,38,0,0.04380012,2021-11-19,2021-11-19
QD_Vantagens ||All_cities||traffic,2021-11-19,Piauí,active,adset,Traffic||Branding geral||Novembro,0,0,299,342,1.51,0.00,1.143812709,0,0,0,0,0,0,64,32,0,0.04734084,2021-11-19,2021-11-19
QD_Vantagens ||All_cities||traffic,2021-11-19,Goiás,active,adset,Traffic||Branding geral||Novembro,Cliques no link,1,160,165,1.00,1.00,1.03125,1,1,0.625,0.606060606,0,0,11,6,0,0.16610822,2021-11-19,2021-11-19
QD_Vantagens ||All_cities||traffic,2021-11-19,Unknown,active,adset,Traffic||Branding geral||Novembro,0,0,39,39,0.23,0.00,1,0,0,0,0,0,0,8,4,0,0.05730734,2021-11-19,2021-11-19
QD_Vantagens ||All_cities||traffic,2021-11-19,Rio Grande do Sul,active,adset,Traffic||Branding geral||Novembro,0,0,16,19,0.12,0.00,1.1875,0,0,0,0,0,0,2,0,0,0,2021-11-19,2021-11-19
QD_Vantagens ||All_cities||traffic,2021-11-19,Pará,active,adset,Traffic||Branding geral||Novembro,0,0,4,6,0.03,0.00,1.5,0,0,0,0,0,0,0,0,0,0,2021-11-19,2021-11-19
QD_Vantagens ||All_cities||traffic,2021-11-19,Paraná,active,adset,Traffic||Branding geral||Novembro,0,0,5,5,0.03,0.00,1,0,0,0,0,0,0,1,0,0,0,2021-11-19,2021-11-19
QD_Vantagens ||All_cities||traffic,2021-11-19,Federal District,active,adset,Traffic||Branding geral||Novembro,0,0,0,2,0.02,0.00,0,0,0,0,0,0,0,0,0,0,0,2021-11-19,2021-11-19
QD_Vantagens ||All_cities||traffic,2021-11-19,Minas Gerais,active,adset,Traffic||Branding geral||Novembro,0,0,0,1,0.01,0.00,0,0,0,0,0,0,0,0,0,0,0,2021-11-19,2021-11-19
QD_Vantagens ||All_cities||traffic,2021-11-19,Maranhão,active,adset,Traffic||Branding geral||Novembro,0,0,72,94,0.33,0.00,1.305555556,0,0,0,0,0,0,26,6,0,0.05481571,2021-11-19,2021-11-19
QD_Produtos||All_cities||traffic,2021-11-19,Sergipe,active,adset,Traffic||Branding geral||Novembro,Cliques no link,14,3441,4053,18.35,1.31,1.177855275,14,18,0.406858471,0.345423143,0,0,1802,648,0,0.02831897,2021-11-19,2021-11-19
QD_Produtos||All_cities||traffic,2021-11-19,Bahia,active,adset,Traffic||Branding geral||Novembro,Cliques no link,35,7184,8262,40.51,1.16,1.150055679,32,48,0.445434298,0.423626241,0,0,2244,1032,0,0.03925298,2021-11-19,2021-11-19
QD_Produtos||All_cities||traffic,2021-11-19,Paraná,active,adset,Traffic||Branding geral||Novembro,0,0,1,1,0.01,0.00,1,0,0,0,0,0,0,0,0,0,0,2021-11-19,2021-11-19
QD_Produtos||All_cities||traffic,2021-11-19,Piauí,active,adset,Traffic||Branding geral||Novembro,Cliques no link,1,283,330,1.71,1.71,1.166077739,1,1,0.35335689,0.303030303,0,0,63,24,0,0.07143579,2021-11-19,2021-11-19
QD_Produtos||All_cities||traffic,2021-11-19,Maranhão,active,adset,Traffic||Branding geral||Novembro,Cliques no link,1,68,97,0.46,0.46,1.426470588,1,1,1.470588235,1.030927835,0,0,31,4,0,0.11462952,2021-11-19,2021-11-19
QD_Produtos||All_cities||traffic,2021-11-19,Unknown,active,adset,Traffic||Branding geral||Novembro,0,0,30,30,0.14,0.00,1,0,0,0,0,0,0,6,6,0,0.02325816,2021-11-19,2021-11-19
QD_Produtos||All_cities||traffic,2021-11-19,Pará,active,adset,Traffic||Branding geral||Novembro,0,0,0,11,0.01,0.00,0,0,0,0,0,0,0,0,0,0,0,2021-11-19,2021-11-19
QD_Produtos||All_cities||traffic,2021-11-19,Rio Grande do Sul,active,adset,Traffic||Branding geral||Novembro,0,0,8,10,0.06,0.00,1.25,0,0,0,0,0,0,0,0,0,0,2021-11-19,2021-11-19
QD_Produtos||All_cities||traffic,2021-11-19,Goiás,active,adset,Traffic||Branding geral||Novembro,Cliques no link,1,96,117,0.69,0.69,1.21875,1,1,1.041666667,0.854700855,0,0,20,16,0,0.04298607,2021-11-19,2021-11-19
QD_Produtos||All_cities||traffic,2021-11-19,Minas Gerais,active,adset,Traffic||Branding geral||Novembro,0,0,0,1,0.00,0.00,0,0,0,0,0,0,0,0,0,0,0,2021-11-19,2021-11-19
QD_Produtos||All_cities||traffic,2021-11-19,Paraíba,active,adset,Traffic||Branding geral||Novembro,Cliques no link,9,2970,3678,16.08,1.79,1.238383838,9,17,0.303030303,0.244698206,0,0,1283,512,0,0.03140241,2021-11-19,2021-11-19
QD_Produtos||All_cities||traffic,2021-11-19,Alagoas,active,adset,Traffic||Branding geral||Novembro,Cliques no link,7,1029,1186,5.78,0.83,1.152575316,7,10,0.680272109,0.590219224,0,0,347,152,0,0.03803497,2021-11-19,2021-11-19
QD_Produtos||All_cities||traffic,2021-11-19,Rio Grande do Norte,active,adset,Traffic||Branding geral||Novembro,Cliques no link,3,199,246,1.19,0.40,1.236180905,3,4,1.507537688,1.219512195,0,0,62,24,0,0.0494236,2021-11-19,2021-11-19
QD_Produtos||All_cities||traffic,2021-11-19,São Paulo (state),active,adset,Traffic||Branding geral||Novembro,Cliques no link,6,793,1068,6.31,1.05,1.346784363,6,6,0.756620429,0.561797753,0,0,250,104,0,0.0606693,2021-11-19,2021-11-19
QD_Produtos||All_cities||traffic,2021-11-19,Pernambuco,active,adset,Traffic||Branding geral||Novembro,Cliques no link,28,3329,4002,19.78,0.71,1.202162812,27,37,0.811054371,0.699650175,0,0,815,368,0,0.05373936,2021-11-19,2021-11-19
QD_Produtos||All_cities||traffic,2021-11-19,Ceará,active,adset,Traffic||Branding geral||Novembro,Cliques no link,2,658,763,3.41,1.70,1.159574468,2,3,0.303951368,0.262123198,0,0,193,108,0,0.03156465,2021-11-19,2021-11-19
QD_Vantagens ||All_cities||traffic,2021-11-18,Goiás,active,adset,Traffic||Branding geral||Novembro,0,0,108,116,0.75,0.00,1.074074074,0,1,0,0,0,0,21,10,0,0.075,2021-11-18,2021-11-18
QD_Vantagens ||All_cities||traffic,2021-11-18,Pará,active,adset,Traffic||Branding geral||Novembro,0,0,0,5,0.01,0.00,0,0,0,0,0,0,0,0,0,0,0,2021-11-18,2021-11-18
QD_Vantagens ||All_cities||traffic,2021-11-18,Unknown,active,adset,Traffic||Branding geral||Novembro,0,0,9,9,0.00,0.00,1,0,0,0,0,0,0,2,2,0,0,2021-11-18,2021-11-18
QD_Vantagens ||All_cities||traffic,2021-11-18,Rio Grande do Sul,active,adset,Traffic||Branding geral||Novembro,0,0,4,13,0.08,0.00,3.25,0,0,0,0,0,0,2,2,0,0.04,2021-11-18,2021-11-18
QD_Vantagens ||All_cities||traffic,2021-11-18,Maranhão,active,adset,Traffic||Branding geral||Novembro,0,0,52,76,0.28,0.00,1.461538462,0,0,0,0,0,0,9,4,0,0.07,2021-11-18,2021-11-18
QD_Vantagens ||All_cities||traffic,2021-11-18,Ceará,active,adset,Traffic||Branding geral||Novembro,Cliques no link,2,588,672,2.82,1.41,1.142857143,1,2,0.170068027,0.297619048,0,0,131,72,0,0.03916667,2021-11-18,2021-11-18
QD_Vantagens ||All_cities||traffic,2021-11-18,Rio Grande do Norte,active,adset,Traffic||Branding geral||Novembro,Cliques no link,1,189,189,0.87,0.87,1,1,2,0.529100529,0.529100529,0,0,31,18,0,0.04833333,2021-11-18,2021-11-18
QD_Vantagens ||All_cities||traffic,2021-11-18,Piauí,active,adset,Traffic||Branding geral||Novembro,Cliques no link,2,284,309,1.15,0.58,1.088028169,2,2,0.704225352,0.647249191,0,0,65,24,0,0.04791667,2021-11-18,2021-11-18
QD_Vantagens ||All_cities||traffic,2021-11-18,Minas Gerais,active,adset,Traffic||Branding geral||Novembro,0,0,0,2,0.01,0.00,0,0,0,0,0,0,0,0,0,0,0,2021-11-18,2021-11-18
QD_Vantagens ||All_cities||traffic,2021-11-18,Alagoas,active,adset,Traffic||Branding geral||Novembro,Cliques no link,8,1064,1274,6.61,0.83,1.197368421,5,9,0.469924812,0.627943485,0,0,319,132,0,0.05007576,2021-11-18,2021-11-18
QD_Vantagens ||All_cities||traffic,2021-11-18,São Paulo (state),active,adset,Traffic||Branding geral||Novembro,Cliques no link,8,1072,1481,7.92,0.99,1.381529851,8,15,0.746268657,0.540175557,0,0,205,108,0,0.07333333,2021-11-18,2021-11-18
QD_Vantagens ||All_cities||traffic,2021-11-18,Paraíba,active,adset,Traffic||Branding geral||Novembro,Cliques no link,9,2176,2619,11.00,1.22,1.203584559,9,12,0.413602941,0.343642612,0,0,771,370,0,0.02972973,2021-11-18,2021-11-18
QD_Vantagens ||All_cities||traffic,2021-11-18,Sergipe,active,adset,Traffic||Branding geral||Novembro,Cliques no link,8,2400,2891,13.56,1.70,1.204583333,8,16,0.333333333,0.276720858,0,0,1206,480,0,0.02825,2021-11-18,2021-11-18
QD_Vantagens ||All_cities||traffic,2021-11-18,Pernambuco,active,adset,Traffic||Branding geral||Novembro,Cliques no link,24,3200,3934,20.42,0.85,1.229375,23,30,0.71875,0.61006609,0,0,609,300,0,0.06806667,2021-11-18,2021-11-18
QD_Vantagens ||All_cities||traffic,2021-11-18,Paraná,active,adset,Traffic||Branding geral||Novembro,0,0,2,2,0.01,0.00,1,0,0,0,0,0,0,0,0,0,0,2021-11-18,2021-11-18
QD_Produtos||All_cities||traffic,2021-11-18,Unknown,active,adset,Traffic||Branding geral||Novembro,0,0,8,9,0.02,0.00,1.125,0,0,0,0,0,0,4,4,0,0.00499955,2021-11-18,2021-11-18
QD_Vantagens ||All_cities||traffic,2021-11-18,Federal District,active,adset,Traffic||Branding geral||Novembro,0,0,0,1,0.01,0.00,0,0,0,0,0,0,0,0,0,0,0,2021-11-18,2021-11-18
QD_Produtos||All_cities||traffic,2021-11-18,São Paulo (state),active,adset,Traffic||Branding geral||Novembro,Cliques no link,10,944,1197,6.61,0.66,1.268008475,9,10,0.953389831,0.835421888,0,0,169,104,0,0.06355203,2021-11-18,2021-11-18
QD_Vantagens ||All_cities||traffic,2021-11-18,Bahia,active,adset,Traffic||Branding geral||Novembro,Cliques no link,22,6176,7292,35.69,1.62,1.180699482,21,38,0.340025907,0.301700494,0,0,1444,668,0,0.05342814,2021-11-18,2021-11-18
QD_Produtos||All_cities||traffic,2021-11-18,Bahia,active,adset,Traffic||Branding geral||Novembro,Cliques no link,27,7172,8254,41.00,1.52,1.150864473,27,40,0.376464027,0.327114126,0,0,1753,884,0,0.04637596,2021-11-18,2021-11-18
QD_Produtos||All_cities||traffic,2021-11-18,Pernambuco,active,adset,Traffic||Branding geral||Novembro,Cliques no link,16,3328,4061,20.22,1.26,1.220252404,16,23,0.480769231,0.393991628,0,0,690,352,0,0.05743806,2021-11-18,2021-11-18
QD_Produtos||All_cities||traffic,2021-11-18,Sergipe,active,adset,Traffic||Branding geral||Novembro,Cliques no link,22,3408,3873,17.09,0.78,1.136443662,20,26,0.58685446,0.568035115,0,0,1542,636,0,0.02686867,2021-11-18,2021-11-18
QD_Produtos||All_cities||traffic,2021-11-18,Paraíba,active,adset,Traffic||Branding geral||Novembro,Cliques no link,16,2836,3444,13.80,0.86,1.21438646,15,19,0.528913963,0.464576074,0,0,1039,360,0,0.03832992,2021-11-18,2021-11-18
QD_Produtos||All_cities||traffic,2021-11-18,Alagoas,active,adset,Traffic||Branding geral||Novembro,Cliques no link,3,1160,1235,6.26,2.09,1.064655172,3,7,0.25862069,0.24291498,0,0,298,140,0,0.0447103,2021-11-18,2021-11-18
QD_Produtos||All_cities||traffic,2021-11-18,Ceará,active,adset,Traffic||Branding geral||Novembro,Cliques no link,3,664,816,3.55,1.18,1.228915663,3,4,0.451807229,0.367647059,0,0,160,80,0,0.04437104,2021-11-18,2021-11-18
QD_Produtos||All_cities||traffic,2021-11-18,Minas Gerais,active,adset,Traffic||Branding geral||Novembro,0,0,1,1,0.01,0.00,1,0,0,0,0,0,0,0,0,0,0,2021-11-18,2021-11-18
QD_Produtos||All_cities||traffic,2021-11-18,Piauí,active,adset,Traffic||Branding geral||Novembro,Cliques no link,1,320,336,1.53,1.53,1.05,1,3,0.3125,0.297619048,0,0,70,24,0,0.06374432,2021-11-18,2021-11-18
QD_Produtos||All_cities||traffic,2021-11-18,Rio Grande do Norte,active,adset,Traffic||Branding geral||Novembro,Cliques no link,1,160,228,0.88,0.88,1.425,1,3,0.625,0.438596491,0,0,30,16,0,0.0549951,2021-11-18,2021-11-18
QD_Produtos||All_cities||traffic,2021-11-18,Maranhão,active,adset,Traffic||Branding geral||Novembro,0,0,96,106,0.42,0.00,1.104166667,0,0,0,0,0,0,15,8,0,0.05249532,2021-11-18,2021-11-18
QD_Produtos||All_cities||traffic,2021-11-18,Rio Grande do Sul,active,adset,Traffic||Branding geral||Novembro,0,0,16,16,0.10,0.00,1,0,0,0,0,0,0,0,0,0,0,2021-11-18,2021-11-18
QD_Produtos||All_cities||traffic,2021-11-18,Pará,active,adset,Traffic||Branding geral||Novembro,0,0,4,12,0.03,0.00,3,0,0,0,0,0,0,1,0,0,0,2021-11-18,2021-11-18
QD_Produtos||All_cities||traffic,2021-11-18,Paraná,active,adset,Traffic||Branding geral||Novembro,0,0,4,4,0.01,0.00,1,0,0,0,0,0,0,0,0,0,0,2021-11-18,2021-11-18
QD_Produtos||All_cities||traffic,2021-11-18,Goiás,active,adset,Traffic||Branding geral||Novembro,Cliques no link,2,114,114,0.66,0.33,1,2,2,1.754385965,1.754385965,0,0,35,12,0,0.0549951,2021-11-18,2021-11-18
QD_Vantagens ||All_cities||traffic,2021-11-17,Paraná,active,adset,Traffic||Branding geral||Novembro,0,0,3,3,0.02,0.00,1,0,0,0,0,0,0,0,0,0,0,2021-11-17,2021-11-17
QD_Vantagens ||All_cities||traffic,2021-11-17,Minas Gerais,active,adset,Traffic||Branding geral||Novembro,0,0,3,3,0.01,0.00,1,0,0,0,0,0,0,0,0,0,0,2021-11-17,2021-11-17
QD_Produtos||All_cities||traffic,2021-11-17,Piauí,active,adset,Traffic||Branding geral||Novembro,Cliques no link,1,368,379,1.44,1.44,1.029891304,1,1,0.27173913,0.263852243,0,0,71,24,0,0.06,2021-11-17,2021-11-17
QD_Produtos||All_cities||traffic,2021-11-17,Pernambuco,active,adset,Traffic||Branding geral||Novembro,Cliques no link,18,3688,4329,20.24,1.12,1.173806941,18,26,0.488069414,0.415800416,0,0,706,378,0,0.05354497,2021-11-17,2021-11-17
QD_Produtos||All_cities||traffic,2021-11-17,Sergipe,active,adset,Traffic||Branding geral||Novembro,Cliques no link,18,3452,3987,15.53,0.86,1.154982619,16,25,0.463499421,0.451467269,0,0,1885,692,0,0.0224422,2021-11-17,2021-11-17
QD_Produtos||All_cities||traffic,2021-11-17,Paraíba,active,adset,Traffic||Branding geral||Novembro,Cliques no link,12,2912,3591,13.95,1.16,1.233173077,12,15,0.412087912,0.334168755,0,0,1215,514,0,0.02714008,2021-11-17,2021-11-17
QD_Produtos||All_cities||traffic,2021-11-17,Alagoas,active,adset,Traffic||Branding geral||Novembro,Cliques no link,8,1352,1436,6.81,0.85,1.062130178,8,9,0.591715976,0.557103064,0,0,358,150,0,0.0454,2021-11-17,2021-11-17
QD_Produtos||All_cities||traffic,2021-11-17,São Paulo (state),active,adset,Traffic||Branding geral||Novembro,Cliques no link,13,888,1253,6.76,0.52,1.411036036,12,17,1.351351351,1.037509976,0,0,161,90,0,0.07511111,2021-11-17,2021-11-17
QD_Produtos||All_cities||traffic,2021-11-17,Ceará,active,adset,Traffic||Branding geral||Novembro,Cliques no link,3,716,894,3.46,1.15,1.248603352,3,4,0.418994413,0.33557047,0,0,210,84,0,0.04119048,2021-11-17,2021-11-17
QD_Produtos||All_cities||traffic,2021-11-17,Rio Grande do Norte,active,adset,Traffic||Branding geral||Novembro,Cliques no link,1,172,228,1.01,1.01,1.325581395,1,1,0.581395349,0.438596491,0,0,65,26,0,0.03884615,2021-11-17,2021-11-17
QD_Produtos||All_cities||traffic,2021-11-17,Paraná,active,adset,Traffic||Branding geral||Novembro,0,0,0,1,0.00,0.00,0,0,0,0,0,0,0,0,0,0,0,2021-11-17,2021-11-17
QD_Produtos||All_cities||traffic,2021-11-17,Goiás,active,adset,Traffic||Branding geral||Novembro,0,0,124,125,0.82,0.00,1.008064516,0,0,0,0,0,0,40,16,0,0.05125,2021-11-17,2021-11-17
QD_Produtos||All_cities||traffic,2021-11-17,Maranhão,active,adset,Traffic||Branding geral||Novembro,Cliques no link,1,72,82,0.36,0.36,1.138888889,1,1,1.388888889,1.219512195,0,0,19,8,0,0.045,2021-11-17,2021-11-17
QD_Produtos||All_cities||traffic,2021-11-17,Unknown,active,adset,Traffic||Branding geral||Novembro,0,0,29,29,0.07,0.00,1,0,1,0,0,0,0,6,4,0,0.0175,2021-11-17,2021-11-17
QD_Produtos||All_cities||traffic,2021-11-17,Pará,active,adset,Traffic||Branding geral||Novembro,0,0,8,20,0.10,0.00,2.5,0,0,0,0,0,0,0,0,0,0,2021-11-17,2021-11-17
QD_Produtos||All_cities||traffic,2021-11-17,Rio Grande do Sul,active,adset,Traffic||Branding geral||Novembro,0,0,4,13,0.06,0.00,3.25,0,0,0,0,0,0,0,0,0,0,2021-11-17,2021-11-17
QD_Vantagens ||All_cities||traffic,2021-11-17,Pará,active,adset,Traffic||Branding geral||Novembro,0,0,4,5,0.03,0.00,1.25,0,0,0,0,0,0,0,0,0,0,2021-11-17,2021-11-17
QD_Produtos||All_cities||traffic,2021-11-17,Bahia,active,adset,Traffic||Branding geral||Novembro,Cliques no link,36,7204,8372,36.78,1.02,1.162132149,35,51,0.485841199,0.430004778,0,0,2043,874,0,0.04208238,2021-11-17,2021-11-17
QD_Produtos||All_cities||traffic,2021-11-17,Minas Gerais,active,adset,Traffic||Branding geral||Novembro,0,0,3,3,0.02,0.00,1,0,0,0,0,0,0,2,2,0,0.01,2021-11-17,2021-11-17
QD_Vantagens ||All_cities||traffic,2021-11-17,São Paulo (state),active,adset,Traffic||Branding geral||Novembro,Cliques no link,8,1064,1492,7.69,0.96,1.402255639,8,13,0.751879699,0.536193029,0,0,193,114,0,0.06745614,2021-11-17,2021-11-17
QD_Vantagens ||All_cities||traffic,2021-11-17,Rio Grande do Sul,active,adset,Traffic||Branding geral||Novembro,0,0,18,18,0.13,0.00,1,0,0,0,0,0,0,0,0,0,0,2021-11-17,2021-11-17
QD_Vantagens ||All_cities||traffic,2021-11-17,Unknown,active,adset,Traffic||Branding geral||Novembro,0,0,24,24,0.18,0.00,1,0,0,0,0,0,0,3,2,0,0.09,2021-11-17,2021-11-17
QD_Vantagens ||All_cities||traffic,2021-11-17,Maranhão,active,adset,Traffic||Branding geral||Novembro,0,0,60,92,0.45,0.00,1.533333333,0,0,0,0,0,0,33,10,0,0.045,2021-11-17,2021-11-17
QD_Vantagens ||All_cities||traffic,2021-11-17,Goiás,active,adset,Traffic||Branding geral||Novembro,Cliques no link,2,128,145,0.82,0.41,1.1328125,2,3,1.5625,1.379310345,0,0,44,24,0,0.03416667,2021-11-17,2021-11-17
QD_Vantagens ||All_cities||traffic,2021-11-17,Rio Grande do Norte,active,adset,Traffic||Branding geral||Novembro,0,0,176,221,0.95,0.00,1.255681818,0,2,0,0,0,0,54,34,0,0.02794118,2021-11-17,2021-11-17
QD_Vantagens ||All_cities||traffic,2021-11-17,Piauí,active,adset,Traffic||Branding geral||Novembro,0,0,304,346,1.40,0.00,1.138157895,0,0,0,0,0,0,98,36,0,0.03888889,2021-11-17,2021-11-17
QD_Vantagens ||All_cities||traffic,2021-11-17,Ceará,active,adset,Traffic||Branding geral||Novembro,0,0,684,874,3.91,0.00,1.277777778,0,1,0,0,0,0,197,84,0,0.04654762,2021-11-17,2021-11-17
QD_Vantagens ||All_cities||traffic,2021-11-17,Alagoas,active,adset,Traffic||Branding geral||Novembro,Cliques no link,4,1216,1401,6.43,1.61,1.152138158,4,7,0.328947368,0.28551035,0,0,268,148,0,0.04344595,2021-11-17,2021-11-17
QD_Vantagens ||All_cities||traffic,2021-11-17,Paraíba,active,adset,Traffic||Branding geral||Novembro,Cliques no link,6,2412,3083,12.69,2.12,1.278192371,6,11,0.248756219,0.194615634,0,0,915,362,0,0.03505525,2021-11-17,2021-11-17
QD_Vantagens ||All_cities||traffic,2021-11-17,Sergipe,active,adset,Traffic||Branding geral||Novembro,Cliques no link,13,2624,3259,13.92,1.07,1.241996951,13,19,0.495426829,0.398895367,0,0,1350,566,0,0.02459364,2021-11-17,2021-11-17
QD_Vantagens ||All_cities||traffic,2021-11-17,Pernambuco,active,adset,Traffic||Branding geral||Novembro,Cliques no link,27,3620,4533,21.98,0.81,1.252209945,24,34,0.662983425,0.595632032,0,0,770,384,0,0.05723958,2021-11-17,2021-11-17
QD_Vantagens ||All_cities||traffic,2021-11-17,Bahia,active,adset,Traffic||Branding geral||Novembro,Cliques no link,44,7056,8234,37.21,0.85,1.166950113,42,71,0.595238095,0.534369687,0,0,1960,848,0,0.04387972,2021-11-17,2021-11-17
QD_Produtos||All_cities||traffic,2021-11-16,Paraná,active,adset,Traffic||Branding geral||Novembro,0,0,2,2,0.02,0.00,1,0,0,0,0,0,0,0,0,0,0,2021-11-16,2021-11-16
QD_Produtos||All_cities||traffic,2021-11-16,Unknown,active,adset,Traffic||Branding geral||Novembro,0,0,0,4,0.04,0.00,0,0,0,0,0,0,0,0,0,0,0,2021-11-16,2021-11-16
QD_Vantagens ||All_cities||traffic,2021-11-16,Goiás,active,adset,Traffic||Branding geral||Novembro,0,0,168,174,0.87,0.00,1.035714286,0,0,0,0,0,0,15,10,0,0.08699167,2021-11-16,2021-11-16
QD_Vantagens ||All_cities||traffic,2021-11-16,Pará,active,adset,Traffic||Branding geral||Novembro,0,0,0,19,0.10,0.00,0,0,0,0,0,0,0,5,2,0,0.04999521,2021-11-16,2021-11-16
QD_Vantagens ||All_cities||traffic,2021-11-16,Rio Grande do Sul,active,adset,Traffic||Branding geral||Novembro,0,0,8,17,0.10,0.00,2.125,0,0,0,0,0,0,0,0,0,0,2021-11-16,2021-11-16
QD_Produtos||All_cities||traffic,2021-11-16,Pará,active,adset,Traffic||Branding geral||Novembro,0,0,8,15,0.03,0.00,1.875,0,0,0,0,0,0,3,0,0,0,2021-11-16,2021-11-16
QD_Produtos||All_cities||traffic,2021-11-16,Rio Grande do Sul,active,adset,Traffic||Branding geral||Novembro,0,0,13,13,0.04,0.00,1,0,0,0,0,0,0,0,0,0,0,2021-11-16,2021-11-16
QD_Produtos||All_cities||traffic,2021-11-16,Maranhão,active,adset,Traffic||Branding geral||Novembro,0,0,128,140,0.60,0.00,1.09375,0,1,0,0,0,0,20,14,0,0.04285307,2021-11-16,2021-11-16
QD_Vantagens ||All_cities||traffic,2021-11-16,Rio Grande do Norte,active,adset,Traffic||Branding geral||Novembro,0,0,208,337,1.04,0.00,1.620192308,0,2,0,0,0,0,77,32,0,0.03249689,2021-11-16,2021-11-16
QD_Vantagens ||All_cities||traffic,2021-11-16,Bahia,active,adset,Traffic||Branding geral||Novembro,Cliques no link,39,8479,9833,34.33,0.88,1.159688643,37,59,0.436372214,0.396623614,0,0,2250,956,0,0.0359066,2021-11-16,2021-11-16
QD_Vantagens ||All_cities||traffic,2021-11-16,Piauí,active,adset,Traffic||Branding geral||Novembro,Cliques no link,2,432,493,1.39,0.69,1.141203704,2,4,0.462962963,0.405679513,0,0,99,58,0,0.02396322,2021-11-16,2021-11-16
QD_Vantagens ||All_cities||traffic,2021-11-16,Ceará,active,adset,Traffic||Branding geral||Novembro,Cliques no link,6,1000,1140,3.65,0.61,1.14,5,7,0.5,0.526315789,0,0,306,130,0,0.02807424,2021-11-16,2021-11-16
QD_Vantagens ||All_cities||traffic,2021-11-16,São Paulo (state),active,adset,Traffic||Branding geral||Novembro,Cliques no link,13,1144,1328,5.76,0.44,1.160839161,12,17,1.048951049,0.978915663,0,0,240,144,0,0.03999617,2021-11-16,2021-11-16
QD_Vantagens ||All_cities||traffic,2021-11-16,Alagoas,active,adset,Traffic||Branding geral||Novembro,Cliques no link,9,1552,1849,7.42,0.82,1.191365979,9,11,0.579896907,0.486749594,0,0,424,178,0,0.0416814,2021-11-16,2021-11-16
QD_Vantagens ||All_cities||traffic,2021-11-16,Paraíba,active,adset,Traffic||Branding geral||Novembro,Cliques no link,15,3015,3849,11.34,0.76,1.276616915,14,20,0.464344942,0.389711613,0,0,1188,498,0,0.0227689,2021-11-16,2021-11-16
QD_Vantagens ||All_cities||traffic,2021-11-16,Sergipe,active,adset,Traffic||Branding geral||Novembro,Cliques no link,16,3927,4336,13.43,0.84,1.104150751,16,21,0.407435702,0.36900369,0,0,2244,900,0,0.01492079,2021-11-16,2021-11-16
QD_Vantagens ||All_cities||traffic,2021-11-16,Pernambuco,active,adset,Traffic||Branding geral||Novembro,Cliques no link,17,5095,6267,24.33,1.43,1.230029441,17,24,0.333660451,0.271262167,0,0,1226,532,0,0.0457287,2021-11-16,2021-11-16
QD_Produtos||All_cities||traffic,2021-11-16,Bahia,active,adset,Traffic||Branding geral||Novembro,Cliques no link,54,8528,10016,35.70,0.66,1.174484053,53,62,0.621482176,0.53913738,0,0,2298,1018,0,0.03506543,2021-11-16,2021-11-16
QD_Produtos||All_cities||traffic,2021-11-16,Goiás,active,adset,Traffic||Branding geral||Novembro,Cliques no link,1,104,151,0.67,0.67,1.451923077,1,1,0.961538462,0.662251656,0,0,27,14,0,0.04785259,2021-11-16,2021-11-16
QD_Vantagens ||All_cities||traffic,2021-11-16,Maranhão,active,adset,Traffic||Branding geral||Novembro,0,0,120,147,0.67,0.00,1.225,0,0,0,0,0,0,48,14,0,0.04785256,2021-11-16,2021-11-16
QD_Produtos||All_cities||traffic,2021-11-16,Sergipe,active,adset,Traffic||Branding geral||Novembro,Cliques no link,14,4592,5022,15.30,1.09,1.093641115,13,26,0.283101045,0.278773397,0,0,2463,998,0,0.0153292,2021-11-16,2021-11-16
QD_Produtos||All_cities||traffic,2021-11-16,Paraíba,active,adset,Traffic||Branding geral||Novembro,Cliques no link,12,3544,4023,12.59,1.05,1.135158014,12,19,0.338600451,0.298284862,0,0,1234,542,0,0.02322657,2021-11-16,2021-11-16
QD_Produtos||All_cities||traffic,2021-11-16,Alagoas,active,adset,Traffic||Branding geral||Novembro,Cliques no link,12,1464,1742,6.40,0.53,1.18989071,12,14,0.819672131,0.688863375,0,0,349,182,0,0.03516149,2021-11-16,2021-11-16
QD_Produtos||All_cities||traffic,2021-11-16,São Paulo (state),active,adset,Traffic||Branding geral||Novembro,Cliques no link,11,1072,1290,5.63,0.51,1.203358209,9,13,0.839552239,0.852713178,0,0,213,118,0,0.04770733,2021-11-16,2021-11-16
QD_Produtos||All_cities||traffic,2021-11-16,Ceará,active,adset,Traffic||Branding geral||Novembro,Cliques no link,6,896,1115,3.65,0.61,1.244419643,6,10,0.669642857,0.538116592,0,0,329,132,0,0.02764889,2021-11-16,2021-11-16
QD_Produtos||All_cities||traffic,2021-11-16,Piauí,active,adset,Traffic||Branding geral||Novembro,Cliques no link,1,456,478,1.40,1.40,1.048245614,1,3,0.219298246,0.209205021,0,0,92,50,0,0.02799734,2021-11-16,2021-11-16
QD_Produtos||All_cities||traffic,2021-11-16,Rio Grande do Norte,active,adset,Traffic||Branding geral||Novembro,0,0,332,332,1.05,0.00,1,0,0,0,0,0,0,70,24,0,0.04374584,2021-11-16,2021-11-16
QD_Produtos||All_cities||traffic,2021-11-16,Pernambuco,active,adset,Traffic||Branding geral||Novembro,Cliques no link,30,5216,5692,22.11,0.74,1.091257669,28,37,0.536809816,0.527055517,0,0,1096,606,0,0.03648168,2021-11-16,2021-11-16
QD_Vantagens ||All_cities||traffic,2021-11-16,Paraná,active,adset,Traffic||Branding geral||Novembro,0,0,4,4,0.02,0.00,1,0,0,0,0,0,0,0,0,0,0,2021-11-16,2021-11-16
QD_Vantagens ||All_cities||traffic,2021-11-15,Pernambuco,active,adset,Traffic||Branding geral||Novembro,Cliques no link,48,5799,7021,26.87,0.56,1.210725987,41,59,0.707018451,0.683663296,0,0,1659,720,0,0.03731627,2021-11-15,2021-11-15
QD_Produtos||All_cities||traffic,2021-11-15,Sergipe,active,adset,Traffic||Branding geral||Novembro,Cliques no link,21,5543,6027,19.63,0.93,1.087317337,21,34,0.378856215,0.348432056,0,0,4062,1296,0,0.01514404,2021-11-15,2021-11-15
QD_Vantagens ||All_cities||traffic,2021-11-15,Bahia,active,adset,Traffic||Branding geral||Novembro,Cliques no link,56,8798,10289,37.00,0.66,1.169470334,52,73,0.591043419,0.54427058,0,0,4142,1504,0,0.02459897,2021-11-15,2021-11-15
QD_Produtos||All_cities||traffic,2021-11-15,Unknown,active,adset,Traffic||Branding geral||Novembro,0,0,0,1,0.01,0.00,0,0,0,0,0,0,0,0,0,0,0,2021-11-15,2021-11-15
QD_Produtos||All_cities||traffic,2021-11-15,Federal District,active,adset,Traffic||Branding geral||Novembro,0,0,1,1,0.01,0.00,1,0,0,0,0,0,0,0,0,0,0,2021-11-15,2021-11-15
QD_Produtos||All_cities||traffic,2021-11-15,Minas Gerais,active,adset,Traffic||Branding geral||Novembro,0,0,0,1,0.00,0.00,0,0,0,0,0,0,0,0,0,0,0,2021-11-15,2021-11-15
QD_Produtos||All_cities||traffic,2021-11-15,Paraná,active,adset,Traffic||Branding geral||Novembro,0,0,4,4,0.04,0.00,1,0,0,0,0,0,0,0,0,0,0,2021-11-15,2021-11-15
QD_Produtos||All_cities||traffic,2021-11-15,Pará,active,adset,Traffic||Branding geral||Novembro,0,0,0,12,0.07,0.00,0,0,0,0,0,0,0,2,0,0,0,2021-11-15,2021-11-15
QD_Produtos||All_cities||traffic,2021-11-15,Rio Grande do Sul,active,adset,Traffic||Branding geral||Novembro,0,0,16,17,0.07,0.00,1.0625,0,0,0,0,0,0,0,0,0,0,2021-11-15,2021-11-15
QD_Produtos||All_cities||traffic,2021-11-15,Goiás,active,adset,Traffic||Branding geral||Novembro,Cliques no link,2,136,139,0.56,0.28,1.022058824,2,2,1.470588235,1.438848921,0,0,41,28,0,0.01999661,2021-11-15,2021-11-15
QD_Produtos||All_cities||traffic,2021-11-15,Maranhão,active,adset,Traffic||Branding geral||Novembro,Cliques no link,3,112,192,0.76,0.25,1.714285714,2,4,1.785714286,1.5625,0,0,55,12,0,0.0633226,2021-11-15,2021-11-15
QD_Produtos||All_cities||traffic,2021-11-15,Rio Grande do Norte,active,adset,Traffic||Branding geral||Novembro,Cliques no link,3,360,382,1.25,0.42,1.061111111,3,4,0.833333333,0.785340314,0,0,126,48,0,0.02603725,2021-11-15,2021-11-15
QD_Produtos||All_cities||traffic,2021-11-15,Piauí,active,adset,Traffic||Branding geral||Novembro,0,0,567,567,1.75,0.00,1,0,1,0,0,0,0,146,84,0,0.0208298,2021-11-15,2021-11-15
QD_Produtos||All_cities||traffic,2021-11-15,Ceará,active,adset,Traffic||Branding geral||Novembro,Cliques no link,7,968,1214,3.89,0.56,1.254132231,4,11,0.41322314,0.57660626,0,0,398,172,0,0.02261244,2021-11-15,2021-11-15
QD_Produtos||All_cities||traffic,2021-11-15,São Paulo (state),active,adset,Traffic||Branding geral||Novembro,Cliques no link,10,1112,1424,5.55,0.55,1.28057554,9,14,0.809352518,0.702247191,0,0,267,116,0,0.04783672,2021-11-15,2021-11-15
QD_Produtos||All_cities||traffic,2021-11-15,Paraíba,active,adset,Traffic||Branding geral||Novembro,Cliques no link,15,3864,4395,13.40,0.89,1.13742236,14,30,0.362318841,0.341296928,0,0,2132,780,0,0.01717657,2021-11-15,2021-11-15
QD_Produtos||All_cities||traffic,2021-11-15,Alagoas,active,adset,Traffic||Branding geral||Novembro,Cliques no link,7,1560,1931,7.01,1.00,1.237820513,6,8,0.384615385,0.362506473,0,0,569,256,0,0.02737817,2021-11-15,2021-11-15
QD_Produtos||All_cities||traffic,2021-11-15,Pernambuco,active,adset,Traffic||Branding geral||Novembro,Cliques no link,40,5895,6998,25.36,0.63,1.187107718,39,60,0.661577608,0.571591883,0,0,1628,676,0,0.03750843,2021-11-15,2021-11-15
QD_Vantagens ||All_cities||traffic,2021-11-15,Rio Grande do Norte,active,adset,Traffic||Branding geral||Novembro,0,0,304,375,1.04,0.00,1.233552632,0,0,0,0,0,0,136,48,0,0.02166482,2021-11-15,2021-11-15
QD_Vantagens ||All_cities||traffic,2021-11-15,Minas Gerais,active,adset,Traffic||Branding geral||Novembro,0,0,0,3,0.01,0.00,0,0,0,0,0,0,0,0,0,0,0,2021-11-15,2021-11-15
QD_Vantagens ||All_cities||traffic,2021-11-15,Paraná,active,adset,Traffic||Branding geral||Novembro,0,0,5,5,0.05,0.00,1,0,0,0,0,0,0,5,0,0,0,2021-11-15,2021-11-15
QD_Vantagens ||All_cities||traffic,2021-11-15,Pará,active,adset,Traffic||Branding geral||Novembro,0,0,0,13,0.10,0.00,0,0,0,0,0,0,0,5,4,0,0.02499787,2021-11-15,2021-11-15
QD_Vantagens ||All_cities||traffic,2021-11-15,Rio Grande do Sul,active,adset,Traffic||Branding geral||Novembro,0,0,0,21,0.07,0.00,0,0,0,0,0,0,0,1,0,0,0,2021-11-15,2021-11-15
QD_Vantagens ||All_cities||traffic,2021-11-15,Maranhão,active,adset,Traffic||Branding geral||Novembro,Cliques no link,3,104,154,0.71,0.24,1.480769231,2,3,1.923076923,1.948051948,0,0,35,20,0,0.03549698,2021-11-15,2021-11-15
QD_Produtos||All_cities||traffic,2021-11-15,Bahia,active,adset,Traffic||Branding geral||Novembro,Cliques no link,54,9839,10923,38.59,0.71,1.110173798,54,76,0.548836264,0.494369679,0,0,4226,1468,0,0.02628982,2021-11-15,2021-11-15
QD_Vantagens ||All_cities||traffic,2021-11-15,Goiás,active,adset,Traffic||Branding geral||Novembro,Cliques no link,2,96,188,0.84,0.42,1.958333333,2,3,2.083333333,1.063829787,0,0,26,16,0,0.05249554,2021-11-15,2021-11-15
QD_Vantagens ||All_cities||traffic,2021-11-15,Piauí,active,adset,Traffic||Branding geral||Novembro,Cliques no link,2,497,497,1.74,0.87,1,2,2,0.402414487,0.402414487,0,0,127,64,0,0.02718519,2021-11-15,2021-11-15
QD_Vantagens ||All_cities||traffic,2021-11-15,Ceará,active,adset,Traffic||Branding geral||Novembro,Cliques no link,11,1064,1145,4.04,0.37,1.07612782,10,17,0.939849624,0.96069869,0,0,413,192,0,0.02103988,2021-11-15,2021-11-15
QD_Vantagens ||All_cities||traffic,2021-11-15,São Paulo (state),active,adset,Traffic||Branding geral||Novembro,Cliques no link,7,1328,1569,7.03,1.00,1.181475904,7,9,0.527108434,0.446144041,0,0,321,144,0,0.04881529,2021-11-15,2021-11-15
QD_Vantagens ||All_cities||traffic,2021-11-15,Alagoas,active,adset,Traffic||Branding geral||Novembro,Cliques no link,16,1584,1877,7.48,0.47,1.184974747,14,23,0.883838384,0.852424081,0,0,530,188,0,0.03978385,2021-11-15,2021-11-15
QD_Vantagens ||All_cities||traffic,2021-11-15,Paraíba,active,adset,Traffic||Branding geral||Novembro,Cliques no link,18,3191,4195,13.54,0.75,1.314634911,17,30,0.532748355,0.429082241,0,0,1944,712,0,0.01901524,2021-11-15,2021-11-15
QD_Vantagens ||All_cities||traffic,2021-11-15,Sergipe,active,adset,Traffic||Branding geral||Novembro,Cliques no link,23,4807,5380,17.09,0.74,1.119201165,23,29,0.4784689,0.427509294,0,0,4070,1244,0,0.01373677,2021-11-15,2021-11-15
QD_Vantagens ||All_cities||traffic,2021-11-14,Maranhão,active,adset,Traffic||Branding geral||Novembro,Cliques no link,2,88,98,0.28,0.14,1.113636364,2,2,2.272727273,2.040816327,0,0,40,12,0,0.0233313,2021-11-14,2021-11-14
QD_Vantagens ||All_cities||traffic,2021-11-14,Federal District,active,adset,Traffic||Branding geral||Novembro,0,0,0,2,0.01,0.00,0,0,0,0,0,0,0,0,0,0,0,2021-11-14,2021-11-14
QD_Vantagens ||All_cities||traffic,2021-11-14,Minas Gerais,active,adset,Traffic||Branding geral||Novembro,0,0,0,2,0.02,0.00,0,0,0,0,0,0,0,0,0,0,0,2021-11-14,2021-11-14
QD_Vantagens ||All_cities||traffic,2021-11-14,Paraná,active,adset,Traffic||Branding geral||Novembro,0,0,8,8,0.05,0.00,1,0,0,0,0,0,0,4,0,0,0,2021-11-14,2021-11-14
QD_Vantagens ||All_cities||traffic,2021-11-14,Pará,active,adset,Traffic||Branding geral||Novembro,0,0,8,15,0.05,0.00,1.875,0,0,0,0,0,0,1,1,0,0.04999565,2021-11-14,2021-11-14
QD_Vantagens ||All_cities||traffic,2021-11-14,Rio Grande do Sul,active,adset,Traffic||Branding geral||Novembro,0,0,0,20,0.05,0.00,0,0,0,0,0,0,0,1,1,0,0.04999565,2021-11-14,2021-11-14
QD_Produtos||All_cities||traffic,2021-11-14,Minas Gerais,active,adset,Traffic||Branding geral||Novembro,0,0,0,2,0.00,0.00,0,0,0,0,0,0,0,0,0,0,0,2021-11-14,2021-11-14
QD_Vantagens ||All_cities||traffic,2021-11-14,Goiás,active,adset,Traffic||Branding geral||Novembro,Cliques no link,3,112,155,1.02,0.34,1.383928571,2,3,1.785714286,1.935483871,0,0,35,16,0,0.06374446,2021-11-14,2021-11-14
QD_Produtos||All_cities||traffic,2021-11-14,Paraíba,active,adset,Traffic||Branding geral||Novembro,Cliques no link,17,2808,3711,13.15,0.77,1.321581197,16,21,0.56980057,0.458097548,0,0,1691,628,0,0.02093767,2021-11-14,2021-11-14
QD_Vantagens ||All_cities||traffic,2021-11-14,Rio Grande do Norte,active,adset,Traffic||Branding geral||Novembro,Cliques no link,2,264,310,1.02,0.51,1.174242424,2,2,0.757575758,0.64516129,0,0,105,46,0,0.02217198,2021-11-14,2021-11-14
QD_Produtos||All_cities||traffic,2021-11-14,Pará,active,adset,Traffic||Branding geral||Novembro,0,0,0,14,0.06,0.00,0,0,0,0,0,0,0,2,2,0,0.0299974,2021-11-14,2021-11-14
QD_Produtos||All_cities||traffic,2021-11-14,Paraná,active,adset,Traffic||Branding geral||Novembro,0,0,6,6,0.03,0.00,1,0,0,0,0,0,0,0,0,0,0,2021-11-14,2021-11-14
QD_Produtos||All_cities||traffic,2021-11-14,Rio Grande do Sul,active,adset,Traffic||Branding geral||Novembro,0,0,24,24,0.05,0.00,1,0,0,0,0,0,0,0,0,0,0,2021-11-14,2021-11-14
QD_Produtos||All_cities||traffic,2021-11-14,Federal District,active,adset,Traffic||Branding geral||Novembro,0,0,0,1,0.01,0.00,0,0,0,0,0,0,0,0,0,0,0,2021-11-14,2021-11-14
QD_Produtos||All_cities||traffic,2021-11-14,Maranhão,active,adset,Traffic||Branding geral||Novembro,0,0,104,127,0.43,0.00,1.221153846,0,0,0,0,0,0,28,24,0,0.01791511,2021-11-14,2021-11-14
QD_Produtos||All_cities||traffic,2021-11-14,Goiás,active,adset,Traffic||Branding geral||Novembro,Cliques no link,1,104,187,0.93,0.93,1.798076923,1,2,0.961538462,0.534759358,0,0,39,16,0,0.05811996,2021-11-14,2021-11-14
QD_Produtos||All_cities||traffic,2021-11-14,Rio Grande do Norte,active,adset,Traffic||Branding geral||Novembro,0,0,296,312,0.97,0.00,1.054054054,0,0,0,0,0,0,118,48,0,0.02020658,2021-11-14,2021-11-14
QD_Produtos||All_cities||traffic,2021-11-14,Piauí,active,adset,Traffic||Branding geral||Novembro,Cliques no link,2,480,501,1.91,0.95,1.04375,2,3,0.416666667,0.399201597,0,0,171,64,0,0.02984116,2021-11-14,2021-11-14
QD_Produtos||All_cities||traffic,2021-11-14,Ceará,active,adset,Traffic||Branding geral||Novembro,Cliques no link,11,960,963,3.28,0.30,1.003125,10,12,1.041666667,1.142263759,0,0,362,174,0,0.01884894,2021-11-14,2021-11-14
QD_Produtos||All_cities||traffic,2021-11-14,Alagoas,active,adset,Traffic||Branding geral||Novembro,Cliques no link,9,1280,1705,7.75,0.86,1.33203125,9,13,0.703125,0.527859238,0,0,510,196,0,0.03953739,2021-11-14,2021-11-14
QD_Produtos||All_cities||traffic,2021-11-14,São Paulo (state),active,adset,Traffic||Branding geral||Novembro,Cliques no link,10,1072,1355,5.85,0.58,1.263992537,9,12,0.839552239,0.73800738,0,0,204,102,0,0.05734797,2021-11-14,2021-11-14
QD_Produtos||All_cities||traffic,2021-11-14,Sergipe,active,adset,Traffic||Branding geral||Novembro,Cliques no link,14,3904,4776,17.83,1.27,1.223360656,14,20,0.358606557,0.293132328,0,0,3383,1062,0,0.01678762,2021-11-14,2021-11-14
QD_Vantagens ||All_cities||traffic,2021-11-14,Paraíba,active,adset,Traffic||Branding geral||Novembro,Cliques no link,24,2936,3817,13.41,0.56,1.30006812,21,34,0.715258856,0.628766047,0,0,1732,678,0,0.01977704,2021-11-14,2021-11-14
QD_Vantagens ||All_cities||traffic,2021-11-14,Piauí,active,adset,Traffic||Branding geral||Novembro,Cliques no link,3,495,495,2.14,0.71,1,3,3,0.606060606,0.606060606,0,0,156,68,0,0.03146785,2021-11-14,2021-11-14
QD_Vantagens ||All_cities||traffic,2021-11-14,Ceará,active,adset,Traffic||Branding geral||Novembro,Cliques no link,4,664,902,3.12,0.78,1.358433735,4,5,0.602409639,0.44345898,0,0,322,116,0,0.02689421,2021-11-14,2021-11-14
QD_Vantagens ||All_cities||traffic,2021-11-14,São Paulo (state),active,adset,Traffic||Branding geral||Novembro,Cliques no link,9,1064,1311,6.04,0.67,1.232142857,8,16,0.751879699,0.686498856,0,0,198,102,0,0.05921054,2021-11-14,2021-11-14
QD_Produtos||All_cities||traffic,2021-11-14,Pernambuco,active,adset,Traffic||Branding geral||Novembro,Cliques no link,33,5088,6115,26.36,0.80,1.201847484,31,38,0.60927673,0.539656582,0,0,1646,692,0,0.03808918,2021-11-14,2021-11-14
QD_Vantagens ||All_cities||traffic,2021-11-14,Alagoas,active,adset,Traffic||Branding geral||Novembro,Cliques no link,5,1288,1634,7.08,1.42,1.26863354,5,5,0.388198758,0.305997552,0,0,504,226,0,0.03132471,2021-11-14,2021-11-14
QD_Vantagens ||All_cities||traffic,2021-11-14,Sergipe,active,adset,Traffic||Branding geral||Novembro,Cliques no link,18,3656,4373,15.69,0.87,1.196115974,18,26,0.492341357,0.411616739,0,0,3046,1078,0,0.01455347,2021-11-14,2021-11-14
QD_Vantagens ||All_cities||traffic,2021-11-14,Pernambuco,active,adset,Traffic||Branding geral||Novembro,Cliques no link,23,5168,6420,28.64,1.25,1.242260062,23,33,0.44504644,0.358255452,0,0,1475,722,0,0.03966414,2021-11-14,2021-11-14
QD_Vantagens ||All_cities||traffic,2021-11-14,Bahia,active,adset,Traffic||Branding geral||Novembro,Cliques no link,43,7200,8848,36.36,0.85,1.228888889,42,53,0.583333333,0.485985533,0,0,3307,1290,0,0.0281836,2021-11-14,2021-11-14
QD_Produtos||All_cities||traffic,2021-11-14,Bahia,active,adset,Traffic||Branding geral||Novembro,Cliques no link,51,7408,9085,36.69,0.72,1.22637689,45,66,0.607451404,0.561364887,0,0,3540,1382,0,0.02654618,2021-11-14,2021-11-14
QD_Vantagens ||All_cities||traffic,2021-11-13,Sergipe,active,adset,Traffic||Branding geral||Novembro,Cliques no link,23,3928,4268,15.71,0.68,1.086558045,23,30,0.585539715,0.538894096,0,0,1722,638,0,0.02462157,2021-11-13,2021-11-13
QD_Produtos||All_cities||traffic,2021-11-13,Bahia,active,adset,Traffic||Branding geral||Novembro,Cliques no link,43,6944,7961,35.08,0.82,1.146457373,38,61,0.547235023,0.540133149,0,0,1638,677,0,0.05181684,2021-11-13,2021-11-13
QD_Produtos||All_cities||traffic,2021-11-13,Pernambuco,active,adset,Traffic||Branding geral||Novembro,Cliques no link,31,4440,5360,26.01,0.84,1.207207207,29,46,0.653153153,0.578358209,0,0,783,381,0,0.06826772,2021-11-13,2021-11-13
QD_Produtos||All_cities||traffic,2021-11-13,Ceará,active,adset,Traffic||Branding geral||Novembro,Cliques no link,2,740,867,3.35,1.68,1.171621622,2,2,0.27027027,0.230680507,0,0,172,79,0,0.04240506,2021-11-13,2021-11-13
QD_Produtos||All_cities||traffic,2021-11-13,Sergipe,active,adset,Traffic||Branding geral||Novembro,Cliques no link,19,3272,3947,16.65,0.88,1.206295844,18,25,0.550122249,0.481378262,0,0,1421,536,0,0.03106343,2021-11-13,2021-11-13
QD_Produtos||All_cities||traffic,2021-11-13,Paraíba,active,adset,Traffic||Branding geral||Novembro,Cliques no link,16,2748,3158,12.49,0.78,1.149199418,15,22,0.545851528,0.506649778,0,0,866,358,0,0.03488827,2021-11-13,2021-11-13
QD_Produtos||All_cities||traffic,2021-11-13,Alagoas,active,adset,Traffic||Branding geral||Novembro,Cliques no link,8,1444,1616,7.26,0.91,1.119113573,8,11,0.55401662,0.495049505,0,0,315,134,0,0.0541791,2021-11-13,2021-11-13
QD_Produtos||All_cities||traffic,2021-11-13,São Paulo (state),active,adset,Traffic||Branding geral||Novembro,Cliques no link,4,716,951,5.07,1.27,1.328212291,4,6,0.558659218,0.420609884,0,0,103,64,0,0.07921875,2021-11-13,2021-11-13
QD_Produtos||All_cities||traffic,2021-11-13,Paraná,active,adset,Traffic||Branding geral||Novembro,0,0,4,7,0.04,0.00,1.75,0,0,0,0,0,0,4,1,0,0.04,2021-11-13,2021-11-13
QD_Produtos||All_cities||traffic,2021-11-13,Piauí,active,adset,Traffic||Branding geral||Novembro,Cliques no link,1,388,429,1.55,1.55,1.105670103,1,4,0.257731959,0.233100233,0,0,57,31,0,0.05,2021-11-13,2021-11-13
QD_Vantagens ||All_cities||traffic,2021-11-13,Piauí,active,adset,Traffic||Branding geral||Novembro,Cliques no link,5,440,499,1.59,0.32,1.134090909,5,5,1.136363636,1.002004008,0,0,81,41,0,0.03877694,2021-11-13,2021-11-13
QD_Vantagens ||All_cities||traffic,2021-11-13,Pernambuco,active,adset,Traffic||Branding geral||Novembro,Cliques no link,37,5216,6339,28.15,0.76,1.21529908,37,44,0.709355828,0.583688279,0,0,850,408,0,0.06898879,2021-11-13,2021-11-13
QD_Vantagens ||All_cities||traffic,2021-11-13,Federal District,active,adset,Traffic||Branding geral||Novembro,0,0,0,1,0.00,0.00,0,0,0,0,0,0,0,0,0,0,0,2021-11-13,2021-11-13
QD_Vantagens ||All_cities||traffic,2021-11-13,Paraná,active,adset,Traffic||Branding geral||Novembro,0,0,5,5,0.01,0.00,1,0,0,0,0,0,0,0,0,0,0,2021-11-13,2021-11-13
QD_Vantagens ||All_cities||traffic,2021-11-13,Pará,active,adset,Traffic||Branding geral||Novembro,0,0,0,11,0.03,0.00,0,0,0,0,0,0,0,0,0,0,0,2021-11-13,2021-11-13
QD_Vantagens ||All_cities||traffic,2021-11-13,Rio Grande do Sul,active,adset,Traffic||Branding geral||Novembro,0,0,16,18,0.04,0.00,1.125,0,0,0,0,0,0,0,0,0,0,2021-11-13,2021-11-13
QD_Vantagens ||All_cities||traffic,2021-11-13,Maranhão,active,adset,Traffic||Branding geral||Novembro,Cliques no link,2,56,85,0.30,0.15,1.517857143,2,2,3.571428571,2.352941176,0,0,10,7,0,0.04285323,2021-11-13,2021-11-13
QD_Vantagens ||All_cities||traffic,2021-11-13,Goiás,active,adset,Traffic||Branding geral||Novembro,Cliques no link,1,72,131,0.62,0.62,1.819444444,1,1,1.388888889,0.763358779,0,0,23,10,0,0.06199433,2021-11-13,2021-11-13
QD_Vantagens ||All_cities||traffic,2021-11-13,Rio Grande do Norte,active,adset,Traffic||Branding geral||Novembro,Cliques no link,1,320,343,1.12,1.12,1.071875,1,2,0.3125,0.29154519,0,0,65,26,0,0.04307299,2021-11-13,2021-11-13
QD_Vantagens ||All_cities||traffic,2021-11-13,Ceará,active,adset,Traffic||Branding geral||Novembro,Cliques no link,5,768,876,2.99,0.60,1.140625,5,7,0.651041667,0.570776256,0,0,173,78,0,0.03832983,2021-11-13,2021-11-13
QD_Produtos||All_cities||traffic,2021-11-13,Rio Grande do Norte,active,adset,Traffic||Branding geral||Novembro,Cliques no link,2,220,290,1.03,0.52,1.318181818,1,2,0.454545455,0.689655172,0,0,88,27,0,0.03814815,2021-11-13,2021-11-13
QD_Vantagens ||All_cities||traffic,2021-11-13,São Paulo (state),active,adset,Traffic||Branding geral||Novembro,Cliques no link,13,776,931,4.63,0.36,1.199742268,10,13,1.288659794,1.396348013,0,0,146,72,0,0.06429968,2021-11-13,2021-11-13
QD_Vantagens ||All_cities||traffic,2021-11-13,Alagoas,active,adset,Traffic||Branding geral||Novembro,Cliques no link,16,1472,1802,7.98,0.50,1.224184783,14,18,0.951086957,0.887902331,0,0,329,144,0,0.0554116,2021-11-13,2021-11-13
QD_Vantagens ||All_cities||traffic,2021-11-13,Paraíba,active,adset,Traffic||Branding geral||Novembro,Cliques no link,13,2744,3549,12.92,0.99,1.293367347,13,18,0.473760933,0.366300366,0,0,1107,431,0,0.02997406,2021-11-13,2021-11-13
QD_Produtos||All_cities||traffic,2021-11-13,Minas Gerais,active,adset,Traffic||Branding geral||Novembro,0,0,0,1,0.01,0.00,0,0,0,0,0,0,0,0,0,0,0,2021-11-13,2021-11-13
QD_Produtos||All_cities||traffic,2021-11-13,Federal District,active,adset,Traffic||Branding geral||Novembro,0,0,0,3,0.00,0.00,0,0,0,0,0,0,0,0,0,0,0,2021-11-13,2021-11-13
QD_Produtos||All_cities||traffic,2021-11-13,Pará,active,adset,Traffic||Branding geral||Novembro,0,0,8,11,0.07,0.00,1.375,0,0,0,0,0,0,1,1,0,0.07,2021-11-13,2021-11-13
QD_Produtos||All_cities||traffic,2021-11-13,Rio Grande do Sul,active,adset,Traffic||Branding geral||Novembro,0,0,16,17,0.10,0.00,1.0625,0,0,0,0,0,0,0,0,0,0,2021-11-13,2021-11-13
QD_Produtos||All_cities||traffic,2021-11-13,Maranhão,active,adset,Traffic||Branding geral||Novembro,Cliques no link,1,64,90,0.43,0.43,1.40625,1,1,1.5625,1.111111111,0,0,21,9,0,0.04777778,2021-11-13,2021-11-13
QD_Produtos||All_cities||traffic,2021-11-13,Goiás,active,adset,Traffic||Branding geral||Novembro,Cliques no link,4,136,163,0.91,0.23,1.198529412,4,5,2.941176471,2.45398773,0,0,42,21,0,0.04333333,2021-11-13,2021-11-13
QD_Vantagens ||All_cities||traffic,2021-11-13,Bahia,active,adset,Traffic||Branding geral||Novembro,Cliques no link,47,7463,8356,33.31,0.71,1.119656974,46,62,0.616374112,0.562470081,0,0,2098,839,0,0.0396984,2021-11-13,2021-11-13
